Workbook

Sheet DES – Plaintext Avalanche
A1: Original Plaintext | B1: Flipped PT Bit # | C1: Original Plaintext (Hex) | T1: Original Plaintext (4-bit) | AK1: Original Plaintext (Bits) | CX1: Modified Plaintext | CY1: Modified Plaintext (Hex) | DP1: Modified Plaintext (4-bit) | EG1: Modified Plaintext (Bits) | GT1: Original Ciphertext | GU1: Original Ciphertext (Hex) | HL1: Original CT (4-bit) | IC1: Original CT (Bits) | KP1: Modified Ciphertext | KQ1: Modified Ciphertext (Hex) | LH1: Modified CT (4-bit) | LY1: Modified CT (Bits) | OL1: XOR (Orig CT ⊕ Mod CT bits) | QY1: Hamming Distance
T2: N1 | U2: N2 | V2: N3 | W2: N4 | X2: N5 | Y2: N6 | Z2: N7 | AA2: N8 | AB2: N9 | AC2: N10 | AD2: N11 | AE2: N12 | AF2: N13 | AG2: N14 | AH2: N15 | AI2: N16 | AK2: b1 | AL2: b2 | AM2: b3 | AN2: b4 | AO2: b5 | AP2: b6 | AQ2: b7 | AR2: b8 | AS2: b9 | AT2: b10 | AU2: b11 | AV2: b12 | AW2: b13 | AX2: b14 | AY2: b15 | AZ2: b16 | BA2: b17 | BB2: b18 | BC2: b19 | BD2: b20 | BE2: b21 | BF2: b22 | BG2: b23 | BH2: b24 | BI2: b25 | BJ2: b26 | BK2: b27 | BL2: b28 | BM2: b29 | BN2: b30 | BO2: b31 | BP2: b32 | BQ2: b33 | BR2: b34 | BS2: b35 | BT2: b36 | BU2: b37 | BV2: b38 | BW2: b39 | BX2: b40 | BY2: b41 | BZ2: b42 | CA2: b43 | CB2: b44 | CC2: b45 | CD2: b46 | CE2: b47 | CF2: b48 | CG2: b49 | CH2: b50 | CI2: b51 | CJ2: b52 | CK2: b53 | CL2: b54 | CM2: b55 | CN2: b56 | CO2: b57 | CP2: b58 | CQ2: b59 | CR2: b60 | CS2: b61 | CT2: b62 | CU2: b63 | CV2: b64 | DP2: N1 | DQ2: N2 | DR2: N3 | DS2: N4 | DT2: N5 | DU2: N6 | DV2: N7 | DW2: N8 | DX2: N9 | DY2: N10 | DZ2: N11 | EA2: N12 | EB2: N13 | EC2: N14 | ED2: N15 | EE2: N16 | EG2: b1 | EH2: b2 | EI2: b3 | EJ2: b4 | EK2: b5 | EL2: b6 | EM2: b7 | EN2: b8 | EO2: b9 | EP2: b10 | EQ2: b11 | ER2: b12 | ES2: b13 | ET2: b14 | EU2: b15 | EV2: b16 | EW2: b17 | EX2: b18 | EY2: b19 | EZ2: b20 | FA2: b21 | FB2: b22 | FC2: b23 | FD2: b24 | FE2: b25 | FF2: b26 | FG2: b27 | FH2: b28 | FI2: b29 | FJ2: b30 | FK2: b31 | FL2: b32 | FM2: b33 | FN2: b34 | FO2: b35 | FP2: b36 | FQ2: b37 | FR2: b38 | FS2: b39 | FT2: b40 | FU2: b41 | FV2: b42 | FW2: b43 | FX2: b44 | FY2: b45 | FZ2: b46 | GA2: b47 | GB2: b48 | GC2: b49 | GD2: b50 | GE2: b51 | GF2: b52 | GG2: b53 | GH2: b54 | GI2: b55 | GJ2: b56 | GK2: b57 | GL2: b58 | GM2: b59 | GN2: b60 | GO2: b61 | GP2: b62 | GQ2: b63 | GR2: b64 | HL2: N1 | HM2: N2 | HN2: N3 | HO2: N4 | HP2: N5 | HQ2: N6 | HR2: N7 | HS2: N8 | HT2: N9 | HU2: N10 | HV2: N11 | HW2: N12 | HX2: N13 | HY2: N14 | HZ2: N15 | IA2: N16 | IC2: b1 | ID2: b2 | IE2: b3 | IF2: b4 | IG2: b5 | IH2: b6 | II2: b7 | IJ2: b8 | IK2: b9 | IL2: b10 | IM2: b11 | IN2: b12 | IO2: b13 | IP2: b14 | IQ2: b15 | IR2: b16 | IS2: b17 | IT2: b18 | IU2: b19 | IV2: b20 | IW2: b21 | IX2: b22 | IY2: b23 | IZ2: b24 | JA2: b25 | JB2: b26 | JC2: b27 | JD2: b28 | JE2: b29 | JF2: b30 | JG2: b31 | JH2: b32 | JI2: b33 | JJ2: b34 | JK2: b35 | JL2: b36 | JM2: b37 | JN2: b38 | JO2: b39 | JP2: b40 | JQ2: b41 | JR2: b42 | JS2: b43 | JT2: b44 | JU2: b45 | JV2: b46 | JW2: b47 | JX2: b48 | JY2: b49 | JZ2: b50 | KA2: b51 | KB2: b52 | KC2: b53 | KD2: b54 | KE2: b55 | KF2: b56 | KG2: b57 | KH2: b58 | KI2: b59 | KJ2: b60 | KK2: b61 | KL2: b62 | KM2: b63 | KN2: b64 | LH2: N1 | LI2: N2 | LJ2: N3 | LK2: N4 | LL2: N5 | LM2: N6 | LN2: N7 | LO2: N8 | LP2: N9 | LQ2: N10 | LR2: N11 | LS2: N12 | LT2: N13 | LU2: N14 | LV2: N15 | LW2: N16 | LY2: b1 | LZ2: b2 | MA2: b3 | MB2: b4 | MC2: b5 | MD2: b6 | ME2: b7 | MF2: b8 | MG2: b9 | MH2: b10 | MI2: b11 | MJ2: b12 | MK2: b13 | ML2: b14 | MM2: b15 | MN2: b16 | MO2: b17 | MP2: b18 | MQ2: b19 | MR2: b20 | MS2: b21 | MT2: b22 | MU2: b23 | MV2: b24 | MW2: b25 | MX2: b26 | MY2: b27 | MZ2: b28 | NA2: b29 | NB2: b30 | NC2: b31 | ND2: b32 | NE2: b33 | NF2: b34 | NG2: b35 | NH2: b36 | NI2: b37 | NJ2: b38 | NK2: b39 | NL2: b40 | NM2: b41 | NN2: b42 | NO2: b43 | NP2: b44 | NQ2: b45 | NR2: b46 | NS2: b47 | NT2: b48 | NU2: b49 | NV2: b50 | NW2: b51 | NX2: b52 | NY2: b53 | NZ2: b54 | OA2: b55 | OB2: b56 | OC2: b57 | OD2: b58 | OE2: b59 | OF2: b60 | OG2: b61 | OH2: b62 | OI2: b63 | OJ2: b64 | OL2: b1 | OM2: b2 | ON2: b3 | OO2: b4 | OP2: b5 | OQ2: b6 | OR2: b7 | OS2: b8 | OT2: b9 | OU2: b10 | OV2: b11 | OW2: b12 | OX2: b13 | OY2: b14 | OZ2: b15 | PA2: b16 | PB2: b17 | PC2: b18 | PD2: b19 | PE2: b20 | PF2: b21 | PG2: b22 | PH2: b23 | PI2: b24 | PJ2: b25 | PK2: b26 | PL2: b27 | PM2: b28 | PN2: b29 | PO2: b30 | PP2: b31 | PQ2: b32 | PR2: b33 | PS2: b34 | PT2: b35 | PU2: b36 | PV2: b37 | PW2: b38 | PX2: b39 | PY2: b40 | PZ2: b41 | QA2: b42 | QB2: b43 | QC2: b44 | QD2: b45 | QE2: b46 | QF2: b47 | QG2: b48 | QH2: b49 | QI2: b50 | QJ2: b51 | QK2: b52 | QL2: b53 | QM2: b54 | QN2: b55 | QO2: b56 | QP2: b57 | QQ2: b58 | QR2: b59 | QS2: b60 | QT2: b61 | QU2: b62 | QV2: b63 | QW2: b64
A3: 123456ABCD132536 | B3: 1 | C3: =MID($A3,1,1) | D3: =MID($A3,2,1) | E3: =MID($A3,3,1) | F3: =MID($A3,4,1) | G3: =MID($A3,5,1) | H3: =MID($A3,6,1) | I3: =MID($A3,7,1) | J3: =MID($A3,8,1) | K3: =MID($A3,9,1) | L3: =MID($A3,10,1) | M3: =MID($A3,11,1) | N3: =MID($A3,12,1) | O3: =MID($A3,13,1) | P3: =MID($A3,14,1) | Q3: =MID($A3,15,1) | R3: =MID($A3,16,1) | T3: =DEC2BIN(HEX2DEC(C3),4) | U3: =DEC2BIN(HEX2DEC(D3),4) | V3: =DEC2BIN(HEX2DEC(E3),4) | W3: =DEC2BIN(HEX2DEC(F3),4) | X3: =DEC2BIN(HEX2DEC(G3),4) | Y3: =DEC2BIN(HEX2DEC(H3),4) | Z3: =DEC2BIN(HEX2DEC(I3),4) | AA3: =DEC2BIN(HEX2DEC(J3),4) | ... AI3: =DEC2BIN(HEX2DEC(R3),4) | AK3: =MID(T3,1,1) | AL3: =MID(T3,2,1) | AM3: =MID(T3,3,1) | AN3: =MID(T3,4,1) | AO3: =MID(U3,1,1) | AP3: =MID(U3,2,1) | AQ3: =MID(U3,3,1) | AR3: =MID(U3,4,1) | AS3: =MID(V3,1,1) | AT3: =MID(V3,2,1) | AU3: =MID(V3,3,1) | AV3: =MID(V3,4,1) | AW3: =MID(W3,1,1) | AX3: =MID(W3,2,1) | AY3: =MID(W3,3,1) | AZ3: =MID(W3,4,1) | BA3: =MID(X3,1,1) | BB3: =MID(X3,2,1) | BC3: =MID(X3,3,1) | BD3: =MID(X3,4,1) | BE3: =MID(Y3,1,1) | BF3: =MID(Y3,2,1) | BG3: =MID(Y3,3,1) | BH3: =MID(Y3,4,1) | BI3: =MID(Z3,1,1) | BJ3: =MID(Z3,2,1) | BK3: =MID(Z3,3,1) | BL3: =MID(Z3,4,1) | BM3: =MID(AA3,1,1) | BN3: =MID(AA3,2,1) | BO3: =MID(AA3,3,1) | BP3: =MID(AA3,4,1) | BQ3: =MID(AB3,1,1) | BR3: =MID(AB3,2,1) | BS3: =MID(AB3,3,1) | BT3: =MID(AB3,4,1) | BU3: =MID(AC3,1,1) | BV3: =MID(AC3,2,1) | BW3: =MID(AC3,3,1) | BX3: =MID(AC3,4,1) | BY3: =MID(AD3,1,1) | BZ3: =MID(AD3,2,1) | CA3: =MID(AD3,3,1) | CB3: =MID(AD3,4,1) | CC3: =MID(AE3,1,1) | CD3: =MID(AE3,2,1) | CE3: =MID(AE3,3,1) | CF3: =MID(AE3,4,1) | CG3: =MID(AF3,1,1) | CH3: =MID(AF3,2,1) | CI3: =MID(AF3,3,1) | CJ3: =MID(AF3,4,1) | CK3: =MID(AG3,1,1) | CL3: =MID(AG3,2,1) | CM3: =MID(AG3,3,1) | CN3: =MID(AG3,4,1) | CO3: =MID(AH3,1,1) | CP3: =MID(AH3,2,1) | CQ3: =MID(AH3,3,1) | CR3: =MID(AH3,4,1) | CS3: =MID(AI3,1,1) | CT3: =MID(AI3,2,1) | CU3: =MID(AI3,3,1) | CV3: =MID(AI3,4,1) | CX3: 923456ABCD132536 | CY3: =MID($CX3,1,1) | CZ3: =MID($CX3,2,1) | DA3: =MID($CX3,3,1) | DB3: =MID($CX3,4,1) | DC3: =MID($CX3,5,1) | DD3: =MID($CX3,6,1) | DE3: =MID($CX3,7,1) | DF3: =MID($CX3,8,1) | DG3: =MID($CX3,9,1) | DH3: =MID($CX3,10,1) | DI3: =MID($CX3,11,1) | DJ3: =MID($CX3,12,1) | DK3: =MID($CX3,13,1) | DL3: =MID($CX3,14,1) | DM3: =MID($CX3,15,1) | DN3: =MID($CX3,16,1) | DP3: =DEC2BIN(HEX2DEC(CY3),4) | DQ3: =DEC2BIN(HEX2DEC(CZ3),4) | DR3: =DEC2BIN(HEX2DEC(DA3),4) | DS3: =DEC2BIN(HEX2DEC(DB3),4) | DT3: =DEC2BIN(HEX2DEC(DC3),4) | DU3: =DEC2BIN(HEX2DEC(DD3),4) | DV3: =DEC2BIN(HEX2DEC(DE3),4) | DW3: =DEC2BIN(HEX2DEC(DF3),4) | ... EE3: =DEC2BIN(HEX2DEC(DN3),4) | EG3: =MID(DP3,1,1) | EH3: =MID(DP3,2,1) | EI3: =MID(DP3,3,1) | EJ3: =MID(DP3,4,1) | EK3: =MID(DQ3,1,1) | EL3: =MID(DQ3,2,1) | EM3: =MID(DQ3,3,1) | EN3: =MID(DQ3,4,1) | EO3: =MID(DR3,1,1) | EP3: =MID(DR3,2,1) | EQ3: =MID(DR3,3,1) | ER3: =MID(DR3,4,1) | ES3: =MID(DS3,1,1) | ET3: =MID(DS3,2,1) | EU3: =MID(DS3,3,1) | EV3: =MID(DS3,4,1) | EW3: =MID(DT3,1,1) | EX3: =MID(DT3,2,1) | EY3: =MID(DT3,3,1) | EZ3: =MID(DT3,4,1) | FA3: =MID(DU3,1,1) | FB3: =MID(DU3,2,1) | FC3: =MID(DU3,3,1) | FD3: =MID(DU3,4,1) | FE3: =MID(DV3,1,1) | FF3: =MID(DV3,2,1) | FG3: =MID(DV3,3,1) | FH3: =MID(DV3,4,1) | FI3: =MID(DW3,1,1) | FJ3: =MID(DW3,2,1) | FK3: =MID(DW3,3,1) | FL3: =MID(DW3,4,1) | FM3: =MID(DX3,1,1) | FN3: =MID(DX3,2,1) | FO3: =MID(DX3,3,1) | FP3: =MID(DX3,4,1) | FQ3: =MID(DY3,1,1) | FR3: =MID(DY3,2,1) | FS3: =MID(DY3,3,1) | FT3: =MID(DY3,4,1) | FU3: =MID(DZ3,1,1) | FV3: =MID(DZ3,2,1) | FW3: =MID(DZ3,3,1) | FX3: =MID(DZ3,4,1) | FY3: =MID(EA3,1,1) | FZ3: =MID(EA3,2,1) | GA3: =MID(EA3,3,1) | GB3: =MID(EA3,4,1) | GC3: =MID(EB3,1,1) | GD3: =MID(EB3,2,1) | GE3: =MID(EB3,3,1) | GF3: =MID(EB3,4,1) | GG3: =MID(EC3,1,1) | GH3: =MID(EC3,2,1) | GI3: =MID(EC3,3,1) | GJ3: =MID(EC3,4,1) | GK3: =MID(ED3,1,1) | GL3: =MID(ED3,2,1) | GM3: =MID(ED3,3,1) | GN3: =MID(ED3,4,1) | GO3: =MID(EE3,1,1) | GP3: =MID(EE3,2,1) | GQ3: =MID(EE3,3,1) | GR3: =MID(EE3,4,1) | GT3: C0B7A8D05F3A829C | GU3: =MID($GT3,1,1) | GV3: =MID($GT3,2,1) | GW3: =MID($GT3,3,1) | GX3: =MID($GT3,4,1) | GY3: =MID($GT3,5,1) | GZ3: =MID($GT3,6,1) | HA3: =MID($GT3,7,1) | HB3: =MID($GT3,8,1) | HC3: =MID($GT3,9,1) | HD3: =MID($GT3,10,1) | HE3: =MID($GT3,11,1) | HF3: =MID($GT3,12,1) | HG3: =MID($GT3,13,1) | HH3: =MID($GT3,14,1) | HI3: =MID($GT3,15,1) | HJ3: =MID($GT3,16,1) | HL3: =DEC2BIN(HEX2DEC(GU3),4) | HM3: =DEC2BIN(HEX2DEC(GV3),4) | HN3: =DEC2BIN(HEX2DEC(GW3),4) | HO3: =DEC2BIN(HEX2DEC(GX3),4) | HP3: =DEC2BIN(HEX2DEC(GY3),4) | HQ3: =DEC2BIN(HEX2DEC(GZ3),4) | HR3: =DEC2BIN(HEX2DEC(HA3),4) | HS3: =DEC2BIN(HEX2DEC(HB3),4) | ... IA3: =DEC2BIN(HEX2DEC(HJ3),4) | IC3: =MID(HL3,1,1) | ID3: =MID(HL3,2,1) | IE3: =MID(HL3,3,1) | IF3: =MID(HL3,4,1) | IG3: =MID(HM3,1,1) | IH3: =MID(HM3,2,1) | II3: =MID(HM3,3,1) | IJ3: =MID(HM3,4,1) | IK3: =MID(HN3,1,1) | IL3: =MID(HN3,2,1) | IM3: =MID(HN3,3,1) | IN3: =MID(HN3,4,1) | IO3: =MID(HO3,1,1) | IP3: =MID(HO3,2,1) | IQ3: =MID(HO3,3,1) | IR3: =MID(HO3,4,1) | IS3: =MID(HP3,1,1) | IT3: =MID(HP3,2,1) | IU3: =MID(HP3,3,1) | IV3: =MID(HP3,4,1) | IW3: =MID(HQ3,1,1) | IX3: =MID(HQ3,2,1) | IY3: =MID(HQ3,3,1) | IZ3: =MID(HQ3,4,1) | JA3: =MID(HR3,1,1) | JB3: =MID(HR3,2,1) | JC3: =MID(HR3,3,1) | JD3: =MID(HR3,4,1) | JE3: =MID(HS3,1,1) | JF3: =MID(HS3,2,1) | JG3: =MID(HS3,3,1) | JH3: =MID(HS3,4,1) | JI3: =MID(HT3,1,1) | JJ3: =MID(HT3,2,1) | JK3: =MID(HT3,3,1) | JL3: =MID(HT3,4,1) | JM3: =MID(HU3,1,1) | JN3: =MID(HU3,2,1) | JO3: =MID(HU3,3,1) | JP3: =MID(HU3,4,1) | JQ3: =MID(HV3,1,1) | JR3: =MID(HV3,2,1) | JS3: =MID(HV3,3,1) | JT3: =MID(HV3,4,1) | JU3: =MID(HW3,1,1) | JV3: =MID(HW3,2,1) | JW3: =MID(HW3,3,1) | JX3: =MID(HW3,4,1) | JY3: =MID(HX3,1,1) | JZ3: =MID(HX3,2,1) | KA3: =MID(HX3,3,1) | KB3: =MID(HX3,4,1) | KC3: =MID(HY3,1,1) | KD3: =MID(HY3,2,1) | KE3: =MID(HY3,3,1) | KF3: =MID(HY3,4,1) | KG3: =MID(HZ3,1,1) | KH3: =MID(HZ3,2,1) | KI3: =MID(HZ3,3,1) | KJ3: =MID(HZ3,4,1) | KK3: =MID(IA3,1,1) | KL3: =MID(IA3,2,1) | KM3: =MID(IA3,3,1) | KN3: =MID(IA3,4,1) | KP3: 89F6EB4779DDA0ED | KQ3: =MID($KP3,1,1) | KR3: =MID($KP3,2,1) | KS3: =MID($KP3,3,1) | KT3: =MID($KP3,4,1) | KU3: =MID($KP3,5,1) | KV3: =MID($KP3,6,1) | KW3: =MID($KP3,7,1) | KX3: =MID($KP3,8,1) | KY3: =MID($KP3,9,1) | KZ3: =MID($KP3,10,1) | LA3: =MID($KP3,11,1) | LB3: =MID($KP3,12,1) | LC3: =MID($KP3,13,1) | LD3: =MID($KP3,14,1) | LE3: =MID($KP3,15,1) | LF3: =MID($KP3,16,1) | LH3: =DEC2BIN(HEX2DEC(KQ3),4) | LI3: =DEC2BIN(HEX2DEC(KR3),4) | LJ3: =DEC2BIN(HEX2DEC(KS3),4) | LK3: =DEC2BIN(HEX2DEC(KT3),4) | LL3: =DEC2BIN(HEX2DEC(KU3),4) | LM3: =DEC2BIN(HEX2DEC(KV3),4) | LN3: =DEC2BIN(HEX2DEC(KW3),4) | LO3: =DEC2BIN(HEX2DEC(KX3),4) | ... LW3: =DEC2BIN(HEX2DEC(LF3),4) | LY3: =MID(LH3,1,1) | LZ3: =MID(LH3,2,1) | MA3: =MID(LH3,3,1) | MB3: =MID(LH3,4,1) | MC3: =MID(LI3,1,1) | MD3: =MID(LI3,2,1) | ME3: =MID(LI3,3,1) | MF3: =MID(LI3,4,1) | MG3: =MID(LJ3,1,1) | MH3: =MID(LJ3,2,1) | MI3: =MID(LJ3,3,1) | MJ3: =MID(LJ3,4,1) | MK3: =MID(LK3,1,1) | ML3: =MID(LK3,2,1) | MM3: =MID(LK3,3,1) | MN3: =MID(LK3,4,1) | MO3: =MID(LL3,1,1) | MP3: =MID(LL3,2,1) | MQ3: =MID(LL3,3,1) | MR3: =MID(LL3,4,1) | MS3: =MID(LM3,1,1) | MT3: =MID(LM3,2,1) | MU3: =MID(LM3,3,1) | MV3: =MID(LM3,4,1) | MW3: =MID(LN3,1,1) | MX3: =MID(LN3,2,1) | MY3: =MID(LN3,3,1) | MZ3: =MID(LN3,4,1) | NA3: =MID(LO3,1,1) | NB3: =MID(LO3,2,1) | NC3: =MID(LO3,3,1) | ND3: =MID(LO3,4,1) | NE3: =MID(LP3,1,1) | NF3: =MID(LP3,2,1) | NG3: =MID(LP3,3,1) | NH3: =MID(LP3,4,1) | NI3: =MID(LQ3,1,1) | NJ3: =MID(LQ3,2,1) | NK3: =MID(LQ3,3,1) | NL3: =MID(LQ3,4,1) | NM3: =MID(LR3,1,1) | NN3: =MID(LR3,2,1) | NO3: =MID(LR3,3,1) | NP3: =MID(LR3,4,1) | NQ3: =MID(LS3,1,1) | NR3: =MID(LS3,2,1) | NS3: =MID(LS3,3,1) | NT3: =MID(LS3,4,1) | NU3: =MID(LT3,1,1) | NV3: =MID(LT3,2,1) | NW3: =MID(LT3,3,1) | NX3: =MID(LT3,4,1) | NY3: =MID(LU3,1,1) | NZ3: =MID(LU3,2,1) | OA3: =MID(LU3,3,1) | OB3: =MID(LU3,4,1) | OC3: =MID(LV3,1,1) | OD3: =MID(LV3,2,1) | OE3: =MID(LV3,3,1) | OF3: =MID(LV3,4,1) | OG3: =MID(LW3,1,1) | OH3: =MID(LW3,2,1) | OI3: =MID(LW3,3,1) | OJ3: =MID(LW3,4,1) | OL3: =MOD(IC3+LY3,2) | OM3: =MOD(ID3+LZ3,2) | ON3: =MOD(IE3+MA3,2) | OO3: =MOD(IF3+MB3,2) | OP3: =MOD(IG3+MC3,2) | OQ3: =MOD(IH3+MD3,2) | OR3: =MOD(II3+ME3,2) | OS3: =MOD(IJ3+MF3,2) | ... QW3: =MOD(KN3+OJ3,2) | QY3: =SUM(OL3:QW3)
A4: 123456ABCD132536 | B4: 2 | C4: =MID($A4,1,1) | D4: =MID($A4,2,1) | E4: =MID($A4,3,1) | F4: =MID($A4,4,1) | G4: =MID($A4,5,1) | H4: =MID($A4,6,1) | I4: =MID($A4,7,1) | J4: =MID($A4,8,1) | K4: =MID($A4,9,1) | L4: =MID($A4,10,1) | M4: =MID($A4,11,1) | N4: =MID($A4,12,1) | O4: =MID($A4,13,1) | P4: =MID($A4,14,1) | Q4: =MID($A4,15,1) | R4: =MID($A4,16,1) | T4: =DEC2BIN(HEX2DEC(C4),4) | U4: =DEC2BIN(HEX2DEC(D4),4) | V4: =DEC2BIN(HEX2DEC(E4),4) | W4: =DEC2BIN(HEX2DEC(F4),4) | X4: =DEC2BIN(HEX2DEC(G4),4) | Y4: =DEC2BIN(HEX2DEC(H4),4) | Z4: =DEC2BIN(HEX2DEC(I4),4) | AA4: =DEC2BIN(HEX2DEC(J4),4) | ... AI4: =DEC2BIN(HEX2DEC(R4),4) | AK4: =MID(T4,1,1) | AL4: =MID(T4,2,1) | AM4: =MID(T4,3,1) | AN4: =MID(T4,4,1) | AO4: =MID(U4,1,1) | AP4: =MID(U4,2,1) | AQ4: =MID(U4,3,1) | AR4: =MID(U4,4,1) | AS4: =MID(V4,1,1) | AT4: =MID(V4,2,1) | AU4: =MID(V4,3,1) | AV4: =MID(V4,4,1) | AW4: =MID(W4,1,1) | AX4: =MID(W4,2,1) | AY4: =MID(W4,3,1) | AZ4: =MID(W4,4,1) | BA4: =MID(X4,1,1) | BB4: =MID(X4,2,1) | BC4: =MID(X4,3,1) | BD4: =MID(X4,4,1) | BE4: =MID(Y4,1,1) | BF4: =MID(Y4,2,1) | BG4: =MID(Y4,3,1) | BH4: =MID(Y4,4,1) | BI4: =MID(Z4,1,1) | BJ4: =MID(Z4,2,1) | BK4: =MID(Z4,3,1) | BL4: =MID(Z4,4,1) | BM4: =MID(AA4,1,1) | BN4: =MID(AA4,2,1) | BO4: =MID(AA4,3,1) | BP4: =MID(AA4,4,1) | BQ4: =MID(AB4,1,1) | BR4: =MID(AB4,2,1) | BS4: =MID(AB4,3,1) | BT4: =MID(AB4,4,1) | BU4: =MID(AC4,1,1) | BV4: =MID(AC4,2,1) | BW4: =MID(AC4,3,1) | BX4: =MID(AC4,4,1) | BY4: =MID(AD4,1,1) | BZ4: =MID(AD4,2,1) | CA4: =MID(AD4,3,1) | CB4: =MID(AD4,4,1) | CC4: =MID(AE4,1,1) | CD4: =MID(AE4,2,1) | CE4: =MID(AE4,3,1) | CF4: =MID(AE4,4,1) | CG4: =MID(AF4,1,1) | CH4: =MID(AF4,2,1) | CI4: =MID(AF4,3,1) | CJ4: =MID(AF4,4,1) | CK4: =MID(AG4,1,1) | CL4: =MID(AG4,2,1) | CM4: =MID(AG4,3,1) | CN4: =MID(AG4,4,1) | CO4: =MID(AH4,1,1) | CP4: =MID(AH4,2,1) | CQ4: =MID(AH4,3,1) | CR4: =MID(AH4,4,1) | CS4: =MID(AI4,1,1) | CT4: =MID(AI4,2,1) | CU4: =MID(AI4,3,1) | CV4: =MID(AI4,4,1) | CX4: 523456ABCD132536 | CY4: =MID($CX4,1,1) | CZ4: =MID($CX4,2,1) | DA4: =MID($CX4,3,1) | DB4: =MID($CX4,4,1) | DC4: =MID($CX4,5,1) | DD4: =MID($CX4,6,1) | DE4: =MID($CX4,7,1) | DF4: =MID($CX4,8,1) | DG4: =MID($CX4,9,1) | DH4: =MID($CX4,10,1) | DI4: =MID($CX4,11,1) | DJ4: =MID($CX4,12,1) | DK4: =MID($CX4,13,1) | DL4: =MID($CX4,14,1) | DM4: =MID($CX4,15,1) | DN4: =MID($CX4,16,1) | DP4: =DEC2BIN(HEX2DEC(CY4),4) | DQ4: =DEC2BIN(HEX2DEC(CZ4),4) | DR4: =DEC2BIN(HEX2DEC(DA4),4) | DS4: =DEC2BIN(HEX2DEC(DB4),4) | DT4: =DEC2BIN(HEX2DEC(DC4),4) | DU4: =DEC2BIN(HEX2DEC(DD4),4) | DV4: =DEC2BIN(HEX2DEC(DE4),4) | DW4: =DEC2BIN(HEX2DEC(DF4),4) | ... EE4: =DEC2BIN(HEX2DEC(DN4),4) | EG4: =MID(DP4,1,1) | EH4: =MID(DP4,2,1) | EI4: =MID(DP4,3,1) | EJ4: =MID(DP4,4,1) | EK4: =MID(DQ4,1,1) | EL4: =MID(DQ4,2,1) | EM4: =MID(DQ4,3,1) | EN4: =MID(DQ4,4,1) | EO4: =MID(DR4,1,1) | EP4: =MID(DR4,2,1) | EQ4: =MID(DR4,3,1) | ER4: =MID(DR4,4,1) | ES4: =MID(DS4,1,1) | ET4: =MID(DS4,2,1) | EU4: =MID(DS4,3,1) | EV4: =MID(DS4,4,1) | EW4: =MID(DT4,1,1) | EX4: =MID(DT4,2,1) | EY4: =MID(DT4,3,1) | EZ4: =MID(DT4,4,1) | FA4: =MID(DU4,1,1) | FB4: =MID(DU4,2,1) | FC4: =MID(DU4,3,1) | FD4: =MID(DU4,4,1) | FE4: =MID(DV4,1,1) | FF4: =MID(DV4,2,1) | FG4: =MID(DV4,3,1) | FH4: =MID(DV4,4,1) | FI4: =MID(DW4,1,1) | FJ4: =MID(DW4,2,1) | FK4: =MID(DW4,3,1) | FL4: =MID(DW4,4,1) | FM4: =MID(DX4,1,1) | FN4: =MID(DX4,2,1) | FO4: =MID(DX4,3,1) | FP4: =MID(DX4,4,1) | FQ4: =MID(DY4,1,1) | FR4: =MID(DY4,2,1) | FS4: =MID(DY4,3,1) | FT4: =MID(DY4,4,1) | FU4: =MID(DZ4,1,1) | FV4: =MID(DZ4,2,1) | FW4: =MID(DZ4,3,1) | FX4: =MID(DZ4,4,1) | FY4: =MID(EA4,1,1) | FZ4: =MID(EA4,2,1) | GA4: =MID(EA4,3,1) | GB4: =MID(EA4,4,1) | GC4: =MID(EB4,1,1) | GD4: =MID(EB4,2,1) | GE4: =MID(EB4,3,1) | GF4: =MID(EB4,4,1) | GG4: =MID(EC4,1,1) | GH4: =MID(EC4,2,1) | GI4: =MID(EC4,3,1) | GJ4: =MID(EC4,4,1) | GK4: =MID(ED4,1,1) | GL4: =MID(ED4,2,1) | GM4: =MID(ED4,3,1) | GN4: =MID(ED4,4,1) | GO4: =MID(EE4,1,1) | GP4: =MID(EE4,2,1) | GQ4: =MID(EE4,3,1) | GR4: =MID(EE4,4,1) | GT4: C0B7A8D05F3A829C | GU4: =MID($GT4,1,1) | GV4: =MID($GT4,2,1) | GW4: =MID($GT4,3,1) | GX4: =MID($GT4,4,1) | GY4: =MID($GT4,5,1) | GZ4: =MID($GT4,6,1) | HA4: =MID($GT4,7,1) | HB4: =MID($GT4,8,1) | HC4: =MID($GT4,9,1) | HD4: =MID($GT4,10,1) | HE4: =MID($GT4,11,1) | HF4: =MID($GT4,12,1) | HG4: =MID($GT4,13,1) | HH4: =MID($GT4,14,1) | HI4: =MID($GT4,15,1) | HJ4: =MID($GT4,16,1) | HL4: =DEC2BIN(HEX2DEC(GU4),4) | HM4: =DEC2BIN(HEX2DEC(GV4),4) | HN4: =DEC2BIN(HEX2DEC(GW4),4) | HO4: =DEC2BIN(HEX2DEC(GX4),4) | HP4: =DEC2BIN(HEX2DEC(GY4),4) | HQ4: =DEC2BIN(HEX2DEC(GZ4),4) | HR4: =DEC2BIN(HEX2DEC(HA4),4) | HS4: =DEC2BIN(HEX2DEC(HB4),4) | ... IA4: =DEC2BIN(HEX2DEC(HJ4),4) | IC4: =MID(HL4,1,1) | ID4: =MID(HL4,2,1) | IE4: =MID(HL4,3,1) | IF4: =MID(HL4,4,1) | IG4: =MID(HM4,1,1) | IH4: =MID(HM4,2,1) | II4: =MID(HM4,3,1) | IJ4: =MID(HM4,4,1) | IK4: =MID(HN4,1,1) | IL4: =MID(HN4,2,1) | IM4: =MID(HN4,3,1) | IN4: =MID(HN4,4,1) | IO4: =MID(HO4,1,1) | IP4: =MID(HO4,2,1) | IQ4: =MID(HO4,3,1) | IR4: =MID(HO4,4,1) | IS4: =MID(HP4,1,1) | IT4: =MID(HP4,2,1) | IU4: =MID(HP4,3,1) | IV4: =MID(HP4,4,1) | IW4: =MID(HQ4,1,1) | IX4: =MID(HQ4,2,1) | IY4: =MID(HQ4,3,1) | IZ4: =MID(HQ4,4,1) | JA4: =MID(HR4,1,1) | JB4: =MID(HR4,2,1) | JC4: =MID(HR4,3,1) | JD4: =MID(HR4,4,1) | JE4: =MID(HS4,1,1) | JF4: =MID(HS4,2,1) | JG4: =MID(HS4,3,1) | JH4: =MID(HS4,4,1) | JI4: =MID(HT4,1,1) | JJ4: =MID(HT4,2,1) | JK4: =MID(HT4,3,1) | JL4: =MID(HT4,4,1) | JM4: =MID(HU4,1,1) | JN4: =MID(HU4,2,1) | JO4: =MID(HU4,3,1) | JP4: =MID(HU4,4,1) | JQ4: =MID(HV4,1,1) | JR4: =MID(HV4,2,1) | JS4: =MID(HV4,3,1) | JT4: =MID(HV4,4,1) | JU4: =MID(HW4,1,1) | JV4: =MID(HW4,2,1) | JW4: =MID(HW4,3,1) | JX4: =MID(HW4,4,1) | JY4: =MID(HX4,1,1) | JZ4: =MID(HX4,2,1) | KA4: =MID(HX4,3,1) | KB4: =MID(HX4,4,1) | KC4: =MID(HY4,1,1) | KD4: =MID(HY4,2,1) | KE4: =MID(HY4,3,1) | KF4: =MID(HY4,4,1) | KG4: =MID(HZ4,1,1) | KH4: =MID(HZ4,2,1) | KI4: =MID(HZ4,3,1) | KJ4: =MID(HZ4,4,1) | KK4: =MID(IA4,1,1) | KL4: =MID(IA4,2,1) | KM4: =MID(IA4,3,1) | KN4: =MID(IA4,4,1) | KP4: 6B05C199BD5C7573 | KQ4: =MID($KP4,1,1) | KR4: =MID($KP4,2,1) | KS4: =MID($KP4,3,1) | KT4: =MID($KP4,4,1) | KU4: =MID($KP4,5,1) | KV4: =MID($KP4,6,1) | KW4: =MID($KP4,7,1) | KX4: =MID($KP4,8,1) | KY4: =MID($KP4,9,1) | KZ4: =MID($KP4,10,1) | LA4: =MID($KP4,11,1) | LB4: =MID($KP4,12,1) | LC4: =MID($KP4,13,1) | LD4: =MID($KP4,14,1) | LE4: =MID($KP4,15,1) | LF4: =MID($KP4,16,1) | LH4: =DEC2BIN(HEX2DEC(KQ4),4) | LI4: =DEC2BIN(HEX2DEC(KR4),4) | LJ4: =DEC2BIN(HEX2DEC(KS4),4) | LK4: =DEC2BIN(HEX2DEC(KT4),4) | LL4: =DEC2BIN(HEX2DEC(KU4),4) | LM4: =DEC2BIN(HEX2DEC(KV4),4) | LN4: =DEC2BIN(HEX2DEC(KW4),4) | LO4: =DEC2BIN(HEX2DEC(KX4),4) | ... LW4: =DEC2BIN(HEX2DEC(LF4),4) | LY4: =MID(LH4,1,1) | LZ4: =MID(LH4,2,1) | MA4: =MID(LH4,3,1) | MB4: =MID(LH4,4,1) | MC4: =MID(LI4,1,1) | MD4: =MID(LI4,2,1) | ME4: =MID(LI4,3,1) | MF4: =MID(LI4,4,1) | MG4: =MID(LJ4,1,1) | MH4: =MID(LJ4,2,1) | MI4: =MID(LJ4,3,1) | MJ4: =MID(LJ4,4,1) | MK4: =MID(LK4,1,1) | ML4: =MID(LK4,2,1) | MM4: =MID(LK4,3,1) | MN4: =MID(LK4,4,1) | MO4: =MID(LL4,1,1) | MP4: =MID(LL4,2,1) | MQ4: =MID(LL4,3,1) | MR4: =MID(LL4,4,1) | MS4: =MID(LM4,1,1) | MT4: =MID(LM4,2,1) | MU4: =MID(LM4,3,1) | MV4: =MID(LM4,4,1) | MW4: =MID(LN4,1,1) | MX4: =MID(LN4,2,1) | MY4: =MID(LN4,3,1) | MZ4: =MID(LN4,4,1) | NA4: =MID(LO4,1,1) | NB4: =MID(LO4,2,1) | NC4: =MID(LO4,3,1) | ND4: =MID(LO4,4,1) | NE4: =MID(LP4,1,1) | NF4: =MID(LP4,2,1) | NG4: =MID(LP4,3,1) | NH4: =MID(LP4,4,1) | NI4: =MID(LQ4,1,1) | NJ4: =MID(LQ4,2,1) | NK4: =MID(LQ4,3,1) | NL4: =MID(LQ4,4,1) | NM4: =MID(LR4,1,1) | NN4: =MID(LR4,2,1) | NO4: =MID(LR4,3,1) | NP4: =MID(LR4,4,1) | NQ4: =MID(LS4,1,1) | NR4: =MID(LS4,2,1) | NS4: =MID(LS4,3,1) | NT4: =MID(LS4,4,1) | NU4: =MID(LT4,1,1) | NV4: =MID(LT4,2,1) | NW4: =MID(LT4,3,1) | NX4: =MID(LT4,4,1) | NY4: =MID(LU4,1,1) | NZ4: =MID(LU4,2,1) | OA4: =MID(LU4,3,1) | OB4: =MID(LU4,4,1) | OC4: =MID(LV4,1,1) | OD4: =MID(LV4,2,1) | OE4: =MID(LV4,3,1) | OF4: =MID(LV4,4,1) | OG4: =MID(LW4,1,1) | OH4: =MID(LW4,2,1) | OI4: =MID(LW4,3,1) | OJ4: =MID(LW4,4,1) | OL4: =MOD(IC4+LY4,2) | OM4: =MOD(ID4+LZ4,2) | ON4: =MOD(IE4+MA4,2) | OO4: =MOD(IF4+MB4,2) | OP4: =MOD(IG4+MC4,2) | OQ4: =MOD(IH4+MD4,2) | OR4: =MOD(II4+ME4,2) | OS4: =MOD(IJ4+MF4,2) | ... QW4: =MOD(KN4+OJ4,2) | QY4: =SUM(OL4:QW4)
A5: 123456ABCD132536 | B5: 3 | C5: =MID($A5,1,1) | D5: =MID($A5,2,1) | E5: =MID($A5,3,1) | F5: =MID($A5,4,1) | G5: =MID($A5,5,1) | H5: =MID($A5,6,1) | I5: =MID($A5,7,1) | J5: =MID($A5,8,1) | K5: =MID($A5,9,1) | L5: =MID($A5,10,1) | M5: =MID($A5,11,1) | N5: =MID($A5,12,1) | O5: =MID($A5,13,1) | P5: =MID($A5,14,1) | Q5: =MID($A5,15,1) | R5: =MID($A5,16,1) | T5: =DEC2BIN(HEX2DEC(C5),4) | U5: =DEC2BIN(HEX2DEC(D5),4) | V5: =DEC2BIN(HEX2DEC(E5),4) | W5: =DEC2BIN(HEX2DEC(F5),4) | X5: =DEC2BIN(HEX2DEC(G5),4) | Y5: =DEC2BIN(HEX2DEC(H5),4) | Z5: =DEC2BIN(HEX2DEC(I5),4) | AA5: =DEC2BIN(HEX2DEC(J5),4) | ... AI5: =DEC2BIN(HEX2DEC(R5),4) | AK5: =MID(T5,1,1) | AL5: =MID(T5,2,1) | AM5: =MID(T5,3,1) | AN5: =MID(T5,4,1) | AO5: =MID(U5,1,1) | AP5: =MID(U5,2,1) | AQ5: =MID(U5,3,1) | AR5: =MID(U5,4,1) | AS5: =MID(V5,1,1) | AT5: =MID(V5,2,1) | AU5: =MID(V5,3,1) | AV5: =MID(V5,4,1) | AW5: =MID(W5,1,1) | AX5: =MID(W5,2,1) | AY5: =MID(W5,3,1) | AZ5: =MID(W5,4,1) | BA5: =MID(X5,1,1) | BB5: =MID(X5,2,1) | BC5: =MID(X5,3,1) | BD5: =MID(X5,4,1) | BE5: =MID(Y5,1,1) | BF5: =MID(Y5,2,1) | BG5: =MID(Y5,3,1) | BH5: =MID(Y5,4,1) | BI5: =MID(Z5,1,1) | BJ5: =MID(Z5,2,1) | BK5: =MID(Z5,3,1) | BL5: =MID(Z5,4,1) | BM5: =MID(AA5,1,1) | BN5: =MID(AA5,2,1) | BO5: =MID(AA5,3,1) | BP5: =MID(AA5,4,1) | BQ5: =MID(AB5,1,1) | BR5: =MID(AB5,2,1) | BS5: =MID(AB5,3,1) | BT5: =MID(AB5,4,1) | BU5: =MID(AC5,1,1) | BV5: =MID(AC5,2,1) | BW5: =MID(AC5,3,1) | BX5: =MID(AC5,4,1) | BY5: =MID(AD5,1,1) | BZ5: =MID(AD5,2,1) | CA5: =MID(AD5,3,1) | CB5: =MID(AD5,4,1) | CC5: =MID(AE5,1,1) | CD5: =MID(AE5,2,1) | CE5: =MID(AE5,3,1) | CF5: =MID(AE5,4,1) | CG5: =MID(AF5,1,1) | CH5: =MID(AF5,2,1) | CI5: =MID(AF5,3,1) | CJ5: =MID(AF5,4,1) | CK5: =MID(AG5,1,1) | CL5: =MID(AG5,2,1) | CM5: =MID(AG5,3,1) | CN5: =MID(AG5,4,1) | CO5: =MID(AH5,1,1) | CP5: =MID(AH5,2,1) | CQ5: =MID(AH5,3,1) | CR5: =MID(AH5,4,1) | CS5: =MID(AI5,1,1) | CT5: =MID(AI5,2,1) | CU5: =MID(AI5,3,1) | CV5: =MID(AI5,4,1) | CX5: 323456ABCD132536 | CY5: =MID($CX5,1,1) | CZ5: =MID($CX5,2,1) | DA5: =MID($CX5,3,1) | DB5: =MID($CX5,4,1) | DC5: =MID($CX5,5,1) | DD5: =MID($CX5,6,1) | DE5: =MID($CX5,7,1) | DF5: =MID($CX5,8,1) | DG5: =MID($CX5,9,1) | DH5: =MID($CX5,10,1) | DI5: =MID($CX5,11,1) | DJ5: =MID($CX5,12,1) | DK5: =MID($CX5,13,1) | DL5: =MID($CX5,14,1) | DM5: =MID($CX5,15,1) | DN5: =MID($CX5,16,1) | DP5: =DEC2BIN(HEX2DEC(CY5),4) | DQ5: =DEC2BIN(HEX2DEC(CZ5),4) | DR5: =DEC2BIN(HEX2DEC(DA5),4) | DS5: =DEC2BIN(HEX2DEC(DB5),4) | DT5: =DEC2BIN(HEX2DEC(DC5),4) | DU5: =DEC2BIN(HEX2DEC(DD5),4) | DV5: =DEC2BIN(HEX2DEC(DE5),4) | DW5: =DEC2BIN(HEX2DEC(DF5),4) | ... EE5: =DEC2BIN(HEX2DEC(DN5),4) | EG5: =MID(DP5,1,1) | EH5: =MID(DP5,2,1) | EI5: =MID(DP5,3,1) | EJ5: =MID(DP5,4,1) | EK5: =MID(DQ5,1,1) | EL5: =MID(DQ5,2,1) | EM5: =MID(DQ5,3,1) | EN5: =MID(DQ5,4,1) | EO5: =MID(DR5,1,1) | EP5: =MID(DR5,2,1) | EQ5: =MID(DR5,3,1) | ER5: =MID(DR5,4,1) | ES5: =MID(DS5,1,1) | ET5: =MID(DS5,2,1) | EU5: =MID(DS5,3,1) | EV5: =MID(DS5,4,1) | EW5: =MID(DT5,1,1) | EX5: =MID(DT5,2,1) | EY5: =MID(DT5,3,1) | EZ5: =MID(DT5,4,1) | FA5: =MID(DU5,1,1) | FB5: =MID(DU5,2,1) | FC5: =MID(DU5,3,1) | FD5: =MID(DU5,4,1) | FE5: =MID(DV5,1,1) | FF5: =MID(DV5,2,1) | FG5: =MID(DV5,3,1) | FH5: =MID(DV5,4,1) | FI5: =MID(DW5,1,1) | FJ5: =MID(DW5,2,1) | FK5: =MID(DW5,3,1) | FL5: =MID(DW5,4,1) | FM5: =MID(DX5,1,1) | FN5: =MID(DX5,2,1) | FO5: =MID(DX5,3,1) | FP5: =MID(DX5,4,1) | FQ5: =MID(DY5,1,1) | FR5: =MID(DY5,2,1) | FS5: =MID(DY5,3,1) | FT5: =MID(DY5,4,1) | FU5: =MID(DZ5,1,1) | FV5: =MID(DZ5,2,1) | FW5: =MID(DZ5,3,1) | FX5: =MID(DZ5,4,1) | FY5: =MID(EA5,1,1) | FZ5: =MID(EA5,2,1) | GA5: =MID(EA5,3,1) | GB5: =MID(EA5,4,1) | GC5: =MID(EB5,1,1) | GD5: =MID(EB5,2,1) | GE5: =MID(EB5,3,1) | GF5: =MID(EB5,4,1) | GG5: =MID(EC5,1,1) | GH5: =MID(EC5,2,1) | GI5: =MID(EC5,3,1) | GJ5: =MID(EC5,4,1) | GK5: =MID(ED5,1,1) | GL5: =MID(ED5,2,1) | GM5: =MID(ED5,3,1) | GN5: =MID(ED5,4,1) | GO5: =MID(EE5,1,1) | GP5: =MID(EE5,2,1) | GQ5: =MID(EE5,3,1) | GR5: =MID(EE5,4,1) | GT5: C0B7A8D05F3A829C | GU5: =MID($GT5,1,1) | GV5: =MID($GT5,2,1) | GW5: =MID($GT5,3,1) | GX5: =MID($GT5,4,1) | GY5: =MID($GT5,5,1) | GZ5: =MID($GT5,6,1) | HA5: =MID($GT5,7,1) | HB5: =MID($GT5,8,1) | HC5: =MID($GT5,9,1) | HD5: =MID($GT5,10,1) | HE5: =MID($GT5,11,1) | HF5: =MID($GT5,12,1) | HG5: =MID($GT5,13,1) | HH5: =MID($GT5,14,1) | HI5: =MID($GT5,15,1) | HJ5: =MID($GT5,16,1) | HL5: =DEC2BIN(HEX2DEC(GU5),4) | HM5: =DEC2BIN(HEX2DEC(GV5),4) | HN5: =DEC2BIN(HEX2DEC(GW5),4) | HO5: =DEC2BIN(HEX2DEC(GX5),4) | HP5: =DEC2BIN(HEX2DEC(GY5),4) | HQ5: =DEC2BIN(HEX2DEC(GZ5),4) | HR5: =DEC2BIN(HEX2DEC(HA5),4) | HS5: =DEC2BIN(HEX2DEC(HB5),4) | ... IA5: =DEC2BIN(HEX2DEC(HJ5),4) | IC5: =MID(HL5,1,1) | ID5: =MID(HL5,2,1) | IE5: =MID(HL5,3,1) | IF5: =MID(HL5,4,1) | IG5: =MID(HM5,1,1) | IH5: =MID(HM5,2,1) | II5: =MID(HM5,3,1) | IJ5: =MID(HM5,4,1) | IK5: =MID(HN5,1,1) | IL5: =MID(HN5,2,1) | IM5: =MID(HN5,3,1) | IN5: =MID(HN5,4,1) | IO5: =MID(HO5,1,1) | IP5: =MID(HO5,2,1) | IQ5: =MID(HO5,3,1) | IR5: =MID(HO5,4,1) | IS5: =MID(HP5,1,1) | IT5: =MID(HP5,2,1) | IU5: =MID(HP5,3,1) | IV5: =MID(HP5,4,1) | IW5: =MID(HQ5,1,1) | IX5: =MID(HQ5,2,1) | IY5: =MID(HQ5,3,1) | IZ5: =MID(HQ5,4,1) | JA5: =MID(HR5,1,1) | JB5: =MID(HR5,2,1) | JC5: =MID(HR5,3,1) | JD5: =MID(HR5,4,1) | JE5: =MID(HS5,1,1) | JF5: =MID(HS5,2,1) | JG5: =MID(HS5,3,1) | JH5: =MID(HS5,4,1) | JI5: =MID(HT5,1,1) | JJ5: =MID(HT5,2,1) | JK5: =MID(HT5,3,1) | JL5: =MID(HT5,4,1) | JM5: =MID(HU5,1,1) | JN5: =MID(HU5,2,1) | JO5: =MID(HU5,3,1) | JP5: =MID(HU5,4,1) | JQ5: =MID(HV5,1,1) | JR5: =MID(HV5,2,1) | JS5: =MID(HV5,3,1) | JT5: =MID(HV5,4,1) | JU5: =MID(HW5,1,1) | JV5: =MID(HW5,2,1) | JW5: =MID(HW5,3,1) | JX5: =MID(HW5,4,1) | JY5: =MID(HX5,1,1) | JZ5: =MID(HX5,2,1) | KA5: =MID(HX5,3,1) | KB5: =MID(HX5,4,1) | KC5: =MID(HY5,1,1) | KD5: =MID(HY5,2,1) | KE5: =MID(HY5,3,1) | KF5: =MID(HY5,4,1) | KG5: =MID(HZ5,1,1) | KH5: =MID(HZ5,2,1) | KI5: =MID(HZ5,3,1) | KJ5: =MID(HZ5,4,1) | KK5: =MID(IA5,1,1) | KL5: =MID(IA5,2,1) | KM5: =MID(IA5,3,1) | KN5: =MID(IA5,4,1) | KP5: F8F454B94CCAF8B6 | KQ5: =MID($KP5,1,1) | KR5: =MID($KP5,2,1) | KS5: =MID($KP5,3,1) | KT5: =MID($KP5,4,1) | KU5: =MID($KP5,5,1) | KV5: =MID($KP5,6,1) | KW5: =MID($KP5,7,1) | KX5: =MID($KP5,8,1) | KY5: =MID($KP5,9,1) | KZ5: =MID($KP5,10,1) | LA5: =MID($KP5,11,1) | LB5: =MID($KP5,12,1) | LC5: =MID($KP5,13,1) | LD5: =MID($KP5,14,1) | LE5: =MID($KP5,15,1) | LF5: =MID($KP5,16,1) | LH5: =DEC2BIN(HEX2DEC(KQ5),4) | LI5: =DEC2BIN(HEX2DEC(KR5),4) | LJ5: =DEC2BIN(HEX2DEC(KS5),4) | LK5: =DEC2BIN(HEX2DEC(KT5),4) | LL5: =DEC2BIN(HEX2DEC(KU5),4) | LM5: =DEC2BIN(HEX2DEC(KV5),4) | LN5: =DEC2BIN(HEX2DEC(KW5),4) | LO5: =DEC2BIN(HEX2DEC(KX5),4) | ... LW5: =DEC2BIN(HEX2DEC(LF5),4) | LY5: =MID(LH5,1,1) | LZ5: =MID(LH5,2,1) | MA5: =MID(LH5,3,1) | MB5: =MID(LH5,4,1) | MC5: =MID(LI5,1,1) | MD5: =MID(LI5,2,1) | ME5: =MID(LI5,3,1) | MF5: =MID(LI5,4,1) | MG5: =MID(LJ5,1,1) | MH5: =MID(LJ5,2,1) | MI5: =MID(LJ5,3,1) | MJ5: =MID(LJ5,4,1) | MK5: =MID(LK5,1,1) | ML5: =MID(LK5,2,1) | MM5: =MID(LK5,3,1) | MN5: =MID(LK5,4,1) | MO5: =MID(LL5,1,1) | MP5: =MID(LL5,2,1) | MQ5: =MID(LL5,3,1) | MR5: =MID(LL5,4,1) | MS5: =MID(LM5,1,1) | MT5: =MID(LM5,2,1) | MU5: =MID(LM5,3,1) | MV5: =MID(LM5,4,1) | MW5: =MID(LN5,1,1) | MX5: =MID(LN5,2,1) | MY5: =MID(LN5,3,1) | MZ5: =MID(LN5,4,1) | NA5: =MID(LO5,1,1) | NB5: =MID(LO5,2,1) | NC5: =MID(LO5,3,1) | ND5: =MID(LO5,4,1) | NE5: =MID(LP5,1,1) | NF5: =MID(LP5,2,1) | NG5: =MID(LP5,3,1) | NH5: =MID(LP5,4,1) | NI5: =MID(LQ5,1,1) | NJ5: =MID(LQ5,2,1) | NK5: =MID(LQ5,3,1) | NL5: =MID(LQ5,4,1) | NM5: =MID(LR5,1,1) | NN5: =MID(LR5,2,1) | NO5: =MID(LR5,3,1) | NP5: =MID(LR5,4,1) | NQ5: =MID(LS5,1,1) | NR5: =MID(LS5,2,1) | NS5: =MID(LS5,3,1) | NT5: =MID(LS5,4,1) | NU5: =MID(LT5,1,1) | NV5: =MID(LT5,2,1) | NW5: =MID(LT5,3,1) | NX5: =MID(LT5,4,1) | NY5: =MID(LU5,1,1) | NZ5: =MID(LU5,2,1) | OA5: =MID(LU5,3,1) | OB5: =MID(LU5,4,1) | OC5: =MID(LV5,1,1) | OD5: =MID(LV5,2,1) | OE5: =MID(LV5,3,1) | OF5: =MID(LV5,4,1) | OG5: =MID(LW5,1,1) | OH5: =MID(LW5,2,1) | OI5: =MID(LW5,3,1) | OJ5: =MID(LW5,4,1) | OL5: =MOD(IC5+LY5,2) | OM5: =MOD(ID5+LZ5,2) | ON5: =MOD(IE5+MA5,2) | OO5: =MOD(IF5+MB5,2) | OP5: =MOD(IG5+MC5,2) | OQ5: =MOD(IH5+MD5,2) | OR5: =MOD(II5+ME5,2) | OS5: =MOD(IJ5+MF5,2) | ... QW5: =MOD(KN5+OJ5,2) | QY5: =SUM(OL5:QW5)
A6: 123456ABCD132536 | B6: 4 | C6: =MID($A6,1,1) | D6: =MID($A6,2,1) | E6: =MID($A6,3,1) | F6: =MID($A6,4,1) | G6: =MID($A6,5,1) | H6: =MID($A6,6,1) | I6: =MID($A6,7,1) | J6: =MID($A6,8,1) | K6: =MID($A6,9,1) | L6: =MID($A6,10,1) | M6: =MID($A6,11,1) | N6: =MID($A6,12,1) | O6: =MID($A6,13,1) | P6: =MID($A6,14,1) | Q6: =MID($A6,15,1) | R6: =MID($A6,16,1) | T6: =DEC2BIN(HEX2DEC(C6),4) | U6: =DEC2BIN(HEX2DEC(D6),4) | V6: =DEC2BIN(HEX2DEC(E6),4) | W6: =DEC2BIN(HEX2DEC(F6),4) | X6: =DEC2BIN(HEX2DEC(G6),4) | Y6: =DEC2BIN(HEX2DEC(H6),4) | Z6: =DEC2BIN(HEX2DEC(I6),4) | AA6: =DEC2BIN(HEX2DEC(J6),4) | ... AI6: =DEC2BIN(HEX2DEC(R6),4) | AK6: =MID(T6,1,1) | AL6: =MID(T6,2,1) | AM6: =MID(T6,3,1) | AN6: =MID(T6,4,1) | AO6: =MID(U6,1,1) | AP6: =MID(U6,2,1) | AQ6: =MID(U6,3,1) | AR6: =MID(U6,4,1) | AS6: =MID(V6,1,1) | AT6: =MID(V6,2,1) | AU6: =MID(V6,3,1) | AV6: =MID(V6,4,1) | AW6: =MID(W6,1,1) | AX6: =MID(W6,2,1) | AY6: =MID(W6,3,1) | AZ6: =MID(W6,4,1) | BA6: =MID(X6,1,1) | BB6: =MID(X6,2,1) | BC6: =MID(X6,3,1) | BD6: =MID(X6,4,1) | BE6: =MID(Y6,1,1) | BF6: =MID(Y6,2,1) | BG6: =MID(Y6,3,1) | BH6: =MID(Y6,4,1) | BI6: =MID(Z6,1,1) | BJ6: =MID(Z6,2,1) | BK6: =MID(Z6,3,1) | BL6: =MID(Z6,4,1) | BM6: =MID(AA6,1,1) | BN6: =MID(AA6,2,1) | BO6: =MID(AA6,3,1) | BP6: =MID(AA6,4,1) | BQ6: =MID(AB6,1,1) | BR6: =MID(AB6,2,1) | BS6: =MID(AB6,3,1) | BT6: =MID(AB6,4,1) | BU6: =MID(AC6,1,1) | BV6: =MID(AC6,2,1) | BW6: =MID(AC6,3,1) | BX6: =MID(AC6,4,1) | BY6: =MID(AD6,1,1) | BZ6: =MID(AD6,2,1) | CA6: =MID(AD6,3,1) | CB6: =MID(AD6,4,1) | CC6: =MID(AE6,1,1) | CD6: =MID(AE6,2,1) | CE6: =MID(AE6,3,1) | CF6: =MID(AE6,4,1) | CG6: =MID(AF6,1,1) | CH6: =MID(AF6,2,1) | CI6: =MID(AF6,3,1) | CJ6: =MID(AF6,4,1) | CK6: =MID(AG6,1,1) | CL6: =MID(AG6,2,1) | CM6: =MID(AG6,3,1) | CN6: =MID(AG6,4,1) | CO6: =MID(AH6,1,1) | CP6: =MID(AH6,2,1) | CQ6: =MID(AH6,3,1) | CR6: =MID(AH6,4,1) | CS6: =MID(AI6,1,1) | CT6: =MID(AI6,2,1) | CU6: =MID(AI6,3,1) | CV6: =MID(AI6,4,1) | CX6: 023456ABCD132536 | CY6: =MID($CX6,1,1) | CZ6: =MID($CX6,2,1) | DA6: =MID($CX6,3,1) | DB6: =MID($CX6,4,1) | DC6: =MID($CX6,5,1) | DD6: =MID($CX6,6,1) | DE6: =MID($CX6,7,1) | DF6: =MID($CX6,8,1) | DG6: =MID($CX6,9,1) | DH6: =MID($CX6,10,1) | DI6: =MID($CX6,11,1) | DJ6: =MID($CX6,12,1) | DK6: =MID($CX6,13,1) | DL6: =MID($CX6,14,1) | DM6: =MID($CX6,15,1) | DN6: =MID($CX6,16,1) | DP6: =DEC2BIN(HEX2DEC(CY6),4) | DQ6: =DEC2BIN(HEX2DEC(CZ6),4) | DR6: =DEC2BIN(HEX2DEC(DA6),4) | DS6: =DEC2BIN(HEX2DEC(DB6),4) | DT6: =DEC2BIN(HEX2DEC(DC6),4) | DU6: =DEC2BIN(HEX2DEC(DD6),4) | DV6: =DEC2BIN(HEX2DEC(DE6),4) | DW6: =DEC2BIN(HEX2DEC(DF6),4) | ... EE6: =DEC2BIN(HEX2DEC(DN6),4) | EG6: =MID(DP6,1,1) | EH6: =MID(DP6,2,1) | EI6: =MID(DP6,3,1) | EJ6: =MID(DP6,4,1) | EK6: =MID(DQ6,1,1) | EL6: =MID(DQ6,2,1) | EM6: =MID(DQ6,3,1) | EN6: =MID(DQ6,4,1) | EO6: =MID(DR6,1,1) | EP6: =MID(DR6,2,1) | EQ6: =MID(DR6,3,1) | ER6: =MID(DR6,4,1) | ES6: =MID(DS6,1,1) | ET6: =MID(DS6,2,1) | EU6: =MID(DS6,3,1) | EV6: =MID(DS6,4,1) | EW6: =MID(DT6,1,1) | EX6: =MID(DT6,2,1) | EY6: =MID(DT6,3,1) | EZ6: =MID(DT6,4,1) | FA6: =MID(DU6,1,1) | FB6: =MID(DU6,2,1) | FC6: =MID(DU6,3,1) | FD6: =MID(DU6,4,1) | FE6: =MID(DV6,1,1) | FF6: =MID(DV6,2,1) | FG6: =MID(DV6,3,1) | FH6: =MID(DV6,4,1) | FI6: =MID(DW6,1,1) | FJ6: =MID(DW6,2,1) | FK6: =MID(DW6,3,1) | FL6: =MID(DW6,4,1) | FM6: =MID(DX6,1,1) | FN6: =MID(DX6,2,1) | FO6: =MID(DX6,3,1) | FP6: =MID(DX6,4,1) | FQ6: =MID(DY6,1,1) | FR6: =MID(DY6,2,1) | FS6: =MID(DY6,3,1) | FT6: =MID(DY6,4,1) | FU6: =MID(DZ6,1,1) | FV6: =MID(DZ6,2,1) | FW6: =MID(DZ6,3,1) | FX6: =MID(DZ6,4,1) | FY6: =MID(EA6,1,1) | FZ6: =MID(EA6,2,1) | GA6: =MID(EA6,3,1) | GB6: =MID(EA6,4,1) | GC6: =MID(EB6,1,1) | GD6: =MID(EB6,2,1) | GE6: =MID(EB6,3,1) | GF6: =MID(EB6,4,1) | GG6: =MID(EC6,1,1) | GH6: =MID(EC6,2,1) | GI6: =MID(EC6,3,1) | GJ6: =MID(EC6,4,1) | GK6: =MID(ED6,1,1) | GL6: =MID(ED6,2,1) | GM6: =MID(ED6,3,1) | GN6: =MID(ED6,4,1) | GO6: =MID(EE6,1,1) | GP6: =MID(EE6,2,1) | GQ6: =MID(EE6,3,1) | GR6: =MID(EE6,4,1) | GT6: C0B7A8D05F3A829C | GU6: =MID($GT6,1,1) | GV6: =MID($GT6,2,1) | GW6: =MID($GT6,3,1) | GX6: =MID($GT6,4,1) | GY6: =MID($GT6,5,1) | GZ6: =MID($GT6,6,1) | HA6: =MID($GT6,7,1) | HB6: =MID($GT6,8,1) | HC6: =MID($GT6,9,1) | HD6: =MID($GT6,10,1) | HE6: =MID($GT6,11,1) | HF6: =MID($GT6,12,1) | HG6: =MID($GT6,13,1) | HH6: =MID($GT6,14,1) | HI6: =MID($GT6,15,1) | HJ6: =MID($GT6,16,1) | HL6: =DEC2BIN(HEX2DEC(GU6),4) | HM6: =DEC2BIN(HEX2DEC(GV6),4) | HN6: =DEC2BIN(HEX2DEC(GW6),4) | HO6: =DEC2BIN(HEX2DEC(GX6),4) | HP6: =DEC2BIN(HEX2DEC(GY6),4) | HQ6: =DEC2BIN(HEX2DEC(GZ6),4) | HR6: =DEC2BIN(HEX2DEC(HA6),4) | HS6: =DEC2BIN(HEX2DEC(HB6),4) | ... IA6: =DEC2BIN(HEX2DEC(HJ6),4) | IC6: =MID(HL6,1,1) | ID6: =MID(HL6,2,1) | IE6: =MID(HL6,3,1) | IF6: =MID(HL6,4,1) | IG6: =MID(HM6,1,1) | IH6: =MID(HM6,2,1) | II6: =MID(HM6,3,1) | IJ6: =MID(HM6,4,1) | IK6: =MID(HN6,1,1) | IL6: =MID(HN6,2,1) | IM6: =MID(HN6,3,1) | IN6: =MID(HN6,4,1) | IO6: =MID(HO6,1,1) | IP6: =MID(HO6,2,1) | IQ6: =MID(HO6,3,1) | IR6: =MID(HO6,4,1) | IS6: =MID(HP6,1,1) | IT6: =MID(HP6,2,1) | IU6: =MID(HP6,3,1) | IV6: =MID(HP6,4,1) | IW6: =MID(HQ6,1,1) | IX6: =MID(HQ6,2,1) | IY6: =MID(HQ6,3,1) | IZ6: =MID(HQ6,4,1) | JA6: =MID(HR6,1,1) | JB6: =MID(HR6,2,1) | JC6: =MID(HR6,3,1) | JD6: =MID(HR6,4,1) | JE6: =MID(HS6,1,1) | JF6: =MID(HS6,2,1) | JG6: =MID(HS6,3,1) | JH6: =MID(HS6,4,1) | JI6: =MID(HT6,1,1) | JJ6: =MID(HT6,2,1) | JK6: =MID(HT6,3,1) | JL6: =MID(HT6,4,1) | JM6: =MID(HU6,1,1) | JN6: =MID(HU6,2,1) | JO6: =MID(HU6,3,1) | JP6: =MID(HU6,4,1) | JQ6: =MID(HV6,1,1) | JR6: =MID(HV6,2,1) | JS6: =MID(HV6,3,1) | JT6: =MID(HV6,4,1) | JU6: =MID(HW6,1,1) | JV6: =MID(HW6,2,1) | JW6: =MID(HW6,3,1) | JX6: =MID(HW6,4,1) | JY6: =MID(HX6,1,1) | JZ6: =MID(HX6,2,1) | KA6: =MID(HX6,3,1) | KB6: =MID(HX6,4,1) | KC6: =MID(HY6,1,1) | KD6: =MID(HY6,2,1) | KE6: =MID(HY6,3,1) | KF6: =MID(HY6,4,1) | KG6: =MID(HZ6,1,1) | KH6: =MID(HZ6,2,1) | KI6: =MID(HZ6,3,1) | KJ6: =MID(HZ6,4,1) | KK6: =MID(IA6,1,1) | KL6: =MID(IA6,2,1) | KM6: =MID(IA6,3,1) | KN6: =MID(IA6,4,1) | KP6: 22AF081E9DD9EF8A | KQ6: =MID($KP6,1,1) | KR6: =MID($KP6,2,1) | KS6: =MID($KP6,3,1) | KT6: =MID($KP6,4,1) | KU6: =MID($KP6,5,1) | KV6: =MID($KP6,6,1) | KW6: =MID($KP6,7,1) | KX6: =MID($KP6,8,1) | KY6: =MID($KP6,9,1) | KZ6: =MID($KP6,10,1) | LA6: =MID($KP6,11,1) | LB6: =MID($KP6,12,1) | LC6: =MID($KP6,13,1) | LD6: =MID($KP6,14,1) | LE6: =MID($KP6,15,1) | LF6: =MID($KP6,16,1) | LH6: =DEC2BIN(HEX2DEC(KQ6),4) | LI6: =DEC2BIN(HEX2DEC(KR6),4) | LJ6: =DEC2BIN(HEX2DEC(KS6),4) | LK6: =DEC2BIN(HEX2DEC(KT6),4) | LL6: =DEC2BIN(HEX2DEC(KU6),4) | LM6: =DEC2BIN(HEX2DEC(KV6),4) | LN6: =DEC2BIN(HEX2DEC(KW6),4) | LO6: =DEC2BIN(HEX2DEC(KX6),4) | ... LW6: =DEC2BIN(HEX2DEC(LF6),4) | LY6: =MID(LH6,1,1) | LZ6: =MID(LH6,2,1) | MA6: =MID(LH6,3,1) | MB6: =MID(LH6,4,1) | MC6: =MID(LI6,1,1) | MD6: =MID(LI6,2,1) | ME6: =MID(LI6,3,1) | MF6: =MID(LI6,4,1) | MG6: =MID(LJ6,1,1) | MH6: =MID(LJ6,2,1) | MI6: =MID(LJ6,3,1) | MJ6: =MID(LJ6,4,1) | MK6: =MID(LK6,1,1) | ML6: =MID(LK6,2,1) | MM6: =MID(LK6,3,1) | MN6: =MID(LK6,4,1) | MO6: =MID(LL6,1,1) | MP6: =MID(LL6,2,1) | MQ6: =MID(LL6,3,1) | MR6: =MID(LL6,4,1) | MS6: =MID(LM6,1,1) | MT6: =MID(LM6,2,1) | MU6: =MID(LM6,3,1) | MV6: =MID(LM6,4,1) | MW6: =MID(LN6,1,1) | MX6: =MID(LN6,2,1) | MY6: =MID(LN6,3,1) | MZ6: =MID(LN6,4,1) | NA6: =MID(LO6,1,1) | NB6: =MID(LO6,2,1) | NC6: =MID(LO6,3,1) | ND6: =MID(LO6,4,1) | NE6: =MID(LP6,1,1) | NF6: =MID(LP6,2,1) | NG6: =MID(LP6,3,1) | NH6: =MID(LP6,4,1) | NI6: =MID(LQ6,1,1) | NJ6: =MID(LQ6,2,1) | NK6: =MID(LQ6,3,1) | NL6: =MID(LQ6,4,1) | NM6: =MID(LR6,1,1) | NN6: =MID(LR6,2,1) | NO6: =MID(LR6,3,1) | NP6: =MID(LR6,4,1) | NQ6: =MID(LS6,1,1) | NR6: =MID(LS6,2,1) | NS6: =MID(LS6,3,1) | NT6: =MID(LS6,4,1) | NU6: =MID(LT6,1,1) | NV6: =MID(LT6,2,1) | NW6: =MID(LT6,3,1) | NX6: =MID(LT6,4,1) | NY6: =MID(LU6,1,1) | NZ6: =MID(LU6,2,1) | OA6: =MID(LU6,3,1) | OB6: =MID(LU6,4,1) | OC6: =MID(LV6,1,1) | OD6: =MID(LV6,2,1) | OE6: =MID(LV6,3,1) | OF6: =MID(LV6,4,1) | OG6: =MID(LW6,1,1) | OH6: =MID(LW6,2,1) | OI6: =MID(LW6,3,1) | OJ6: =MID(LW6,4,1) | OL6: =MOD(IC6+LY6,2) | OM6: =MOD(ID6+LZ6,2) | ON6: =MOD(IE6+MA6,2) | OO6: =MOD(IF6+MB6,2) | OP6: =MOD(IG6+MC6,2) | OQ6: =MOD(IH6+MD6,2) | OR6: =MOD(II6+ME6,2) | OS6: =MOD(IJ6+MF6,2) | ... QW6: =MOD(KN6+OJ6,2) | QY6: =SUM(OL6:QW6)
A7: 123456ABCD132536 | B7: 5 | C7: =MID($A7,1,1) | D7: =MID($A7,2,1) | E7: =MID($A7,3,1) | F7: =MID($A7,4,1) | G7: =MID($A7,5,1) | H7: =MID($A7,6,1) | I7: =MID($A7,7,1) | J7: =MID($A7,8,1) | K7: =MID($A7,9,1) | L7: =MID($A7,10,1) | M7: =MID($A7,11,1) | N7: =MID($A7,12,1) | O7: =MID($A7,13,1) | P7: =MID($A7,14,1) | Q7: =MID($A7,15,1) | R7: =MID($A7,16,1) | T7: =DEC2BIN(HEX2DEC(C7),4) | U7: =DEC2BIN(HEX2DEC(D7),4) | V7: =DEC2BIN(HEX2DEC(E7),4) | W7: =DEC2BIN(HEX2DEC(F7),4) | X7: =DEC2BIN(HEX2DEC(G7),4) | Y7: =DEC2BIN(HEX2DEC(H7),4) | Z7: =DEC2BIN(HEX2DEC(I7),4) | AA7: =DEC2BIN(HEX2DEC(J7),4) | ... AI7: =DEC2BIN(HEX2DEC(R7),4) | AK7: =MID(T7,1,1) | AL7: =MID(T7,2,1) | AM7: =MID(T7,3,1) | AN7: =MID(T7,4,1) | AO7: =MID(U7,1,1) | AP7: =MID(U7,2,1) | AQ7: =MID(U7,3,1) | AR7: =MID(U7,4,1) | AS7: =MID(V7,1,1) | AT7: =MID(V7,2,1) | AU7: =MID(V7,3,1) | AV7: =MID(V7,4,1) | AW7: =MID(W7,1,1) | AX7: =MID(W7,2,1) | AY7: =MID(W7,3,1) | AZ7: =MID(W7,4,1) | BA7: =MID(X7,1,1) | BB7: =MID(X7,2,1) | BC7: =MID(X7,3,1) | BD7: =MID(X7,4,1) | BE7: =MID(Y7,1,1) | BF7: =MID(Y7,2,1) | BG7: =MID(Y7,3,1) | BH7: =MID(Y7,4,1) | BI7: =MID(Z7,1,1) | BJ7: =MID(Z7,2,1) | BK7: =MID(Z7,3,1) | BL7: =MID(Z7,4,1) | BM7: =MID(AA7,1,1) | BN7: =MID(AA7,2,1) | BO7: =MID(AA7,3,1) | BP7: =MID(AA7,4,1) | BQ7: =MID(AB7,1,1) | BR7: =MID(AB7,2,1) | BS7: =MID(AB7,3,1) | BT7: =MID(AB7,4,1) | BU7: =MID(AC7,1,1) | BV7: =MID(AC7,2,1) | BW7: =MID(AC7,3,1) | BX7: =MID(AC7,4,1) | BY7: =MID(AD7,1,1) | BZ7: =MID(AD7,2,1) | CA7: =MID(AD7,3,1) | CB7: =MID(AD7,4,1) | CC7: =MID(AE7,1,1) | CD7: =MID(AE7,2,1) | CE7: =MID(AE7,3,1) | CF7: =MID(AE7,4,1) | CG7: =MID(AF7,1,1) | CH7: =MID(AF7,2,1) | CI7: =MID(AF7,3,1) | CJ7: =MID(AF7,4,1) | CK7: =MID(AG7,1,1) | CL7: =MID(AG7,2,1) | CM7: =MID(AG7,3,1) | CN7: =MID(AG7,4,1) | CO7: =MID(AH7,1,1) | CP7: =MID(AH7,2,1) | CQ7: =MID(AH7,3,1) | CR7: =MID(AH7,4,1) | CS7: =MID(AI7,1,1) | CT7: =MID(AI7,2,1) | CU7: =MID(AI7,3,1) | CV7: =MID(AI7,4,1) | CX7: 1A3456ABCD132536 | CY7: =MID($CX7,1,1) | CZ7: =MID($CX7,2,1) | DA7: =MID($CX7,3,1) | DB7: =MID($CX7,4,1) | DC7: =MID($CX7,5,1) | DD7: =MID($CX7,6,1) | DE7: =MID($CX7,7,1) | DF7: =MID($CX7,8,1) | DG7: =MID($CX7,9,1) | DH7: =MID($CX7,10,1) | DI7: =MID($CX7,11,1) | DJ7: =MID($CX7,12,1) | DK7: =MID($CX7,13,1) | DL7: =MID($CX7,14,1) | DM7: =MID($CX7,15,1) | DN7: =MID($CX7,16,1) | DP7: =DEC2BIN(HEX2DEC(CY7),4) | DQ7: =DEC2BIN(HEX2DEC(CZ7),4) | DR7: =DEC2BIN(HEX2DEC(DA7),4) | DS7: =DEC2BIN(HEX2DEC(DB7),4) | DT7: =DEC2BIN(HEX2DEC(DC7),4) | DU7: =DEC2BIN(HEX2DEC(DD7),4) | DV7: =DEC2BIN(HEX2DEC(DE7),4) | DW7: =DEC2BIN(HEX2DEC(DF7),4) | ... EE7: =DEC2BIN(HEX2DEC(DN7),4) | EG7: =MID(DP7,1,1) | EH7: =MID(DP7,2,1) | EI7: =MID(DP7,3,1) | EJ7: =MID(DP7,4,1) | EK7: =MID(DQ7,1,1) | EL7: =MID(DQ7,2,1) | EM7: =MID(DQ7,3,1) | EN7: =MID(DQ7,4,1) | EO7: =MID(DR7,1,1) | EP7: =MID(DR7,2,1) | EQ7: =MID(DR7,3,1) | ER7: =MID(DR7,4,1) | ES7: =MID(DS7,1,1) | ET7: =MID(DS7,2,1) | EU7: =MID(DS7,3,1) | EV7: =MID(DS7,4,1) | EW7: =MID(DT7,1,1) | EX7: =MID(DT7,2,1) | EY7: =MID(DT7,3,1) | EZ7: =MID(DT7,4,1) | FA7: =MID(DU7,1,1) | FB7: =MID(DU7,2,1) | FC7: =MID(DU7,3,1) | FD7: =MID(DU7,4,1) | FE7: =MID(DV7,1,1) | FF7: =MID(DV7,2,1) | FG7: =MID(DV7,3,1) | FH7: =MID(DV7,4,1) | FI7: =MID(DW7,1,1) | FJ7: =MID(DW7,2,1) | FK7: =MID(DW7,3,1) | FL7: =MID(DW7,4,1) | FM7: =MID(DX7,1,1) | FN7: =MID(DX7,2,1) | FO7: =MID(DX7,3,1) | FP7: =MID(DX7,4,1) | FQ7: =MID(DY7,1,1) | FR7: =MID(DY7,2,1) | FS7: =MID(DY7,3,1) | FT7: =MID(DY7,4,1) | FU7: =MID(DZ7,1,1) | FV7: =MID(DZ7,2,1) | FW7: =MID(DZ7,3,1) | FX7: =MID(DZ7,4,1) | FY7: =MID(EA7,1,1) | FZ7: =MID(EA7,2,1) | GA7: =MID(EA7,3,1) | GB7: =MID(EA7,4,1) | GC7: =MID(EB7,1,1) | GD7: =MID(EB7,2,1) | GE7: =MID(EB7,3,1) | GF7: =MID(EB7,4,1) | GG7: =MID(EC7,1,1) | GH7: =MID(EC7,2,1) | GI7: =MID(EC7,3,1) | GJ7: =MID(EC7,4,1) | GK7: =MID(ED7,1,1) | GL7: =MID(ED7,2,1) | GM7: =MID(ED7,3,1) | GN7: =MID(ED7,4,1) | GO7: =MID(EE7,1,1) | GP7: =MID(EE7,2,1) | GQ7: =MID(EE7,3,1) | GR7: =MID(EE7,4,1) | GT7: C0B7A8D05F3A829C | GU7: =MID($GT7,1,1) | GV7: =MID($GT7,2,1) | GW7: =MID($GT7,3,1) | GX7: =MID($GT7,4,1) | GY7: =MID($GT7,5,1) | GZ7: =MID($GT7,6,1) | HA7: =MID($GT7,7,1) | HB7: =MID($GT7,8,1) | HC7: =MID($GT7,9,1) | HD7: =MID($GT7,10,1) | HE7: =MID($GT7,11,1) | HF7: =MID($GT7,12,1) | HG7: =MID($GT7,13,1) | HH7: =MID($GT7,14,1) | HI7: =MID($GT7,15,1) | HJ7: =MID($GT7,16,1) | HL7: =DEC2BIN(HEX2DEC(GU7),4) | HM7: =DEC2BIN(HEX2DEC(GV7),4) | HN7: =DEC2BIN(HEX2DEC(GW7),4) | HO7: =DEC2BIN(HEX2DEC(GX7),4) | HP7: =DEC2BIN(HEX2DEC(GY7),4) | HQ7: =DEC2BIN(HEX2DEC(GZ7),4) | HR7: =DEC2BIN(HEX2DEC(HA7),4) | HS7: =DEC2BIN(HEX2DEC(HB7),4) | ... IA7: =DEC2BIN(HEX2DEC(HJ7),4) | IC7: =MID(HL7,1,1) | ID7: =MID(HL7,2,1) | IE7: =MID(HL7,3,1) | IF7: =MID(HL7,4,1) | IG7: =MID(HM7,1,1) | IH7: =MID(HM7,2,1) | II7: =MID(HM7,3,1) | IJ7: =MID(HM7,4,1) | IK7: =MID(HN7,1,1) | IL7: =MID(HN7,2,1) | IM7: =MID(HN7,3,1) | IN7: =MID(HN7,4,1) | IO7: =MID(HO7,1,1) | IP7: =MID(HO7,2,1) | IQ7: =MID(HO7,3,1) | IR7: =MID(HO7,4,1) | IS7: =MID(HP7,1,1) | IT7: =MID(HP7,2,1) | IU7: =MID(HP7,3,1) | IV7: =MID(HP7,4,1) | IW7: =MID(HQ7,1,1) | IX7: =MID(HQ7,2,1) | IY7: =MID(HQ7,3,1) | IZ7: =MID(HQ7,4,1) | JA7: =MID(HR7,1,1) | JB7: =MID(HR7,2,1) | JC7: =MID(HR7,3,1) | JD7: =MID(HR7,4,1) | JE7: =MID(HS7,1,1) | JF7: =MID(HS7,2,1) | JG7: =MID(HS7,3,1) | JH7: =MID(HS7,4,1) | JI7: =MID(HT7,1,1) | JJ7: =MID(HT7,2,1) | JK7: =MID(HT7,3,1) | JL7: =MID(HT7,4,1) | JM7: =MID(HU7,1,1) | JN7: =MID(HU7,2,1) | JO7: =MID(HU7,3,1) | JP7: =MID(HU7,4,1) | JQ7: =MID(HV7,1,1) | JR7: =MID(HV7,2,1) | JS7: =MID(HV7,3,1) | JT7: =MID(HV7,4,1) | JU7: =MID(HW7,1,1) | JV7: =MID(HW7,2,1) | JW7: =MID(HW7,3,1) | JX7: =MID(HW7,4,1) | JY7: =MID(HX7,1,1) | JZ7: =MID(HX7,2,1) | KA7: =MID(HX7,3,1) | KB7: =MID(HX7,4,1) | KC7: =MID(HY7,1,1) | KD7: =MID(HY7,2,1) | KE7: =MID(HY7,3,1) | KF7: =MID(HY7,4,1) | KG7: =MID(HZ7,1,1) | KH7: =MID(HZ7,2,1) | KI7: =MID(HZ7,3,1) | KJ7: =MID(HZ7,4,1) | KK7: =MID(IA7,1,1) | KL7: =MID(IA7,2,1) | KM7: =MID(IA7,3,1) | KN7: =MID(IA7,4,1) | KP7: 7E73670E41F09E8C | KQ7: =MID($KP7,1,1) | KR7: =MID($KP7,2,1) | KS7: =MID($KP7,3,1) | KT7: =MID($KP7,4,1) | KU7: =MID($KP7,5,1) | KV7: =MID($KP7,6,1) | KW7: =MID($KP7,7,1) | KX7: =MID($KP7,8,1) | KY7: =MID($KP7,9,1) | KZ7: =MID($KP7,10,1) | LA7: =MID($KP7,11,1) | LB7: =MID($KP7,12,1) | LC7: =MID($KP7,13,1) | LD7: =MID($KP7,14,1) | LE7: =MID($KP7,15,1) | LF7: =MID($KP7,16,1) | LH7: =DEC2BIN(HEX2DEC(KQ7),4) | LI7: =DEC2BIN(HEX2DEC(KR7),4) | LJ7: =DEC2BIN(HEX2DEC(KS7),4) | LK7: =DEC2BIN(HEX2DEC(KT7),4) | LL7: =DEC2BIN(HEX2DEC(KU7),4) | LM7: =DEC2BIN(HEX2DEC(KV7),4) | LN7: =DEC2BIN(HEX2DEC(KW7),4) | LO7: =DEC2BIN(HEX2DEC(KX7),4) | ... LW7: =DEC2BIN(HEX2DEC(LF7),4) | LY7: =MID(LH7,1,1) | LZ7: =MID(LH7,2,1) | MA7: =MID(LH7,3,1) | MB7: =MID(LH7,4,1) | MC7: =MID(LI7,1,1) | MD7: =MID(LI7,2,1) | ME7: =MID(LI7,3,1) | MF7: =MID(LI7,4,1) | MG7: =MID(LJ7,1,1) | MH7: =MID(LJ7,2,1) | MI7: =MID(LJ7,3,1) | MJ7: =MID(LJ7,4,1) | MK7: =MID(LK7,1,1) | ML7: =MID(LK7,2,1) | MM7: =MID(LK7,3,1) | MN7: =MID(LK7,4,1) | MO7: =MID(LL7,1,1) | MP7: =MID(LL7,2,1) | MQ7: =MID(LL7,3,1) | MR7: =MID(LL7,4,1) | MS7: =MID(LM7,1,1) | MT7: =MID(LM7,2,1) | MU7: =MID(LM7,3,1) | MV7: =MID(LM7,4,1) | MW7: =MID(LN7,1,1) | MX7: =MID(LN7,2,1) | MY7: =MID(LN7,3,1) | MZ7: =MID(LN7,4,1) | NA7: =MID(LO7,1,1) | NB7: =MID(LO7,2,1) | NC7: =MID(LO7,3,1) | ND7: =MID(LO7,4,1) | NE7: =MID(LP7,1,1) | NF7: =MID(LP7,2,1) | NG7: =MID(LP7,3,1) | NH7: =MID(LP7,4,1) | NI7: =MID(LQ7,1,1) | NJ7: =MID(LQ7,2,1) | NK7: =MID(LQ7,3,1) | NL7: =MID(LQ7,4,1) | NM7: =MID(LR7,1,1) | NN7: =MID(LR7,2,1) | NO7: =MID(LR7,3,1) | NP7: =MID(LR7,4,1) | NQ7: =MID(LS7,1,1) | NR7: =MID(LS7,2,1) | NS7: =MID(LS7,3,1) | NT7: =MID(LS7,4,1) | NU7: =MID(LT7,1,1) | NV7: =MID(LT7,2,1) | NW7: =MID(LT7,3,1) | NX7: =MID(LT7,4,1) | NY7: =MID(LU7,1,1) | NZ7: =MID(LU7,2,1) | OA7: =MID(LU7,3,1) | OB7: =MID(LU7,4,1) | OC7: =MID(LV7,1,1) | OD7: =MID(LV7,2,1) | OE7: =MID(LV7,3,1) | OF7: =MID(LV7,4,1) | OG7: =MID(LW7,1,1) | OH7: =MID(LW7,2,1) | OI7: =MID(LW7,3,1) | OJ7: =MID(LW7,4,1) | OL7: =MOD(IC7+LY7,2) | OM7: =MOD(ID7+LZ7,2) | ON7: =MOD(IE7+MA7,2) | OO7: =MOD(IF7+MB7,2) | OP7: =MOD(IG7+MC7,2) | OQ7: =MOD(IH7+MD7,2) | OR7: =MOD(II7+ME7,2) | OS7: =MOD(IJ7+MF7,2) | ... QW7: =MOD(KN7+OJ7,2) | QY7: =SUM(OL7:QW7)
A8: 123456ABCD132536 | B8: 6 | C8: =MID($A8,1,1) | D8: =MID($A8,2,1) | E8: =MID($A8,3,1) | F8: =MID($A8,4,1) | G8: =MID($A8,5,1) | H8: =MID($A8,6,1) | I8: =MID($A8,7,1) | J8: =MID($A8,8,1) | K8: =MID($A8,9,1) | L8: =MID($A8,10,1) | M8: =MID($A8,11,1) | N8: =MID($A8,12,1) | O8: =MID($A8,13,1) | P8: =MID($A8,14,1) | Q8: =MID($A8,15,1) | R8: =MID($A8,16,1) | T8: =DEC2BIN(HEX2DEC(C8),4) | U8: =DEC2BIN(HEX2DEC(D8),4) | V8: =DEC2BIN(HEX2DEC(E8),4) | W8: =DEC2BIN(HEX2DEC(F8),4) | X8: =DEC2BIN(HEX2DEC(G8),4) | Y8: =DEC2BIN(HEX2DEC(H8),4) | Z8: =DEC2BIN(HEX2DEC(I8),4) | AA8: =DEC2BIN(HEX2DEC(J8),4) | ... AI8: =DEC2BIN(HEX2DEC(R8),4) | AK8: =MID(T8,1,1) | AL8: =MID(T8,2,1) | AM8: =MID(T8,3,1) | AN8: =MID(T8,4,1) | AO8: =MID(U8,1,1) | AP8: =MID(U8,2,1) | AQ8: =MID(U8,3,1) | AR8: =MID(U8,4,1) | AS8: =MID(V8,1,1) | AT8: =MID(V8,2,1) | AU8: =MID(V8,3,1) | AV8: =MID(V8,4,1) | AW8: =MID(W8,1,1) | AX8: =MID(W8,2,1) | AY8: =MID(W8,3,1) | AZ8: =MID(W8,4,1) | BA8: =MID(X8,1,1) | BB8: =MID(X8,2,1) | BC8: =MID(X8,3,1) | BD8: =MID(X8,4,1) | BE8: =MID(Y8,1,1) | BF8: =MID(Y8,2,1) | BG8: =MID(Y8,3,1) | BH8: =MID(Y8,4,1) | BI8: =MID(Z8,1,1) | BJ8: =MID(Z8,2,1) | BK8: =MID(Z8,3,1) | BL8: =MID(Z8,4,1) | BM8: =MID(AA8,1,1) | BN8: =MID(AA8,2,1) | BO8: =MID(AA8,3,1) | BP8: =MID(AA8,4,1) | BQ8: =MID(AB8,1,1) | BR8: =MID(AB8,2,1) | BS8: =MID(AB8,3,1) | BT8: =MID(AB8,4,1) | BU8: =MID(AC8,1,1) | BV8: =MID(AC8,2,1) | BW8: =MID(AC8,3,1) | BX8: =MID(AC8,4,1) | BY8: =MID(AD8,1,1) | BZ8: =MID(AD8,2,1) | CA8: =MID(AD8,3,1) | CB8: =MID(AD8,4,1) | CC8: =MID(AE8,1,1) | CD8: =MID(AE8,2,1) | CE8: =MID(AE8,3,1) | CF8: =MID(AE8,4,1) | CG8: =MID(AF8,1,1) | CH8: =MID(AF8,2,1) | CI8: =MID(AF8,3,1) | CJ8: =MID(AF8,4,1) | CK8: =MID(AG8,1,1) | CL8: =MID(AG8,2,1) | CM8: =MID(AG8,3,1) | CN8: =MID(AG8,4,1) | CO8: =MID(AH8,1,1) | CP8: =MID(AH8,2,1) | CQ8: =MID(AH8,3,1) | CR8: =MID(AH8,4,1) | CS8: =MID(AI8,1,1) | CT8: =MID(AI8,2,1) | CU8: =MID(AI8,3,1) | CV8: =MID(AI8,4,1) | CX8: 163456ABCD132536 | CY8: =MID($CX8,1,1) | CZ8: =MID($CX8,2,1) | DA8: =MID($CX8,3,1) | DB8: =MID($CX8,4,1) | DC8: =MID($CX8,5,1) | DD8: =MID($CX8,6,1) | DE8: =MID($CX8,7,1) | DF8: =MID($CX8,8,1) | DG8: =MID($CX8,9,1) | DH8: =MID($CX8,10,1) | DI8: =MID($CX8,11,1) | DJ8: =MID($CX8,12,1) | DK8: =MID($CX8,13,1) | DL8: =MID($CX8,14,1) | DM8: =MID($CX8,15,1) | DN8: =MID($CX8,16,1) | DP8: =DEC2BIN(HEX2DEC(CY8),4) | DQ8: =DEC2BIN(HEX2DEC(CZ8),4) | DR8: =DEC2BIN(HEX2DEC(DA8),4) | DS8: =DEC2BIN(HEX2DEC(DB8),4) | DT8: =DEC2BIN(HEX2DEC(DC8),4) | DU8: =DEC2BIN(HEX2DEC(DD8),4) | DV8: =DEC2BIN(HEX2DEC(DE8),4) | DW8: =DEC2BIN(HEX2DEC(DF8),4) | ... EE8: =DEC2BIN(HEX2DEC(DN8),4) | EG8: =MID(DP8,1,1) | EH8: =MID(DP8,2,1) | EI8: =MID(DP8,3,1) | EJ8: =MID(DP8,4,1) | EK8: =MID(DQ8,1,1) | EL8: =MID(DQ8,2,1) | EM8: =MID(DQ8,3,1) | EN8: =MID(DQ8,4,1) | EO8: =MID(DR8,1,1) | EP8: =MID(DR8,2,1) | EQ8: =MID(DR8,3,1) | ER8: =MID(DR8,4,1) | ES8: =MID(DS8,1,1) | ET8: =MID(DS8,2,1) | EU8: =MID(DS8,3,1) | EV8: =MID(DS8,4,1) | EW8: =MID(DT8,1,1) | EX8: =MID(DT8,2,1) | EY8: =MID(DT8,3,1) | EZ8: =MID(DT8,4,1) | FA8: =MID(DU8,1,1) | FB8: =MID(DU8,2,1) | FC8: =MID(DU8,3,1) | FD8: =MID(DU8,4,1) | FE8: =MID(DV8,1,1) | FF8: =MID(DV8,2,1) | FG8: =MID(DV8,3,1) | FH8: =MID(DV8,4,1) | FI8: =MID(DW8,1,1) | FJ8: =MID(DW8,2,1) | FK8: =MID(DW8,3,1) | FL8: =MID(DW8,4,1) | FM8: =MID(DX8,1,1) | FN8: =MID(DX8,2,1) | FO8: =MID(DX8,3,1) | FP8: =MID(DX8,4,1) | FQ8: =MID(DY8,1,1) | FR8: =MID(DY8,2,1) | FS8: =MID(DY8,3,1) | FT8: =MID(DY8,4,1) | FU8: =MID(DZ8,1,1) | FV8: =MID(DZ8,2,1) | FW8: =MID(DZ8,3,1) | FX8: =MID(DZ8,4,1) | FY8: =MID(EA8,1,1) | FZ8: =MID(EA8,2,1) | GA8: =MID(EA8,3,1) | GB8: =MID(EA8,4,1) | GC8: =MID(EB8,1,1) | GD8: =MID(EB8,2,1) | GE8: =MID(EB8,3,1) | GF8: =MID(EB8,4,1) | GG8: =MID(EC8,1,1) | GH8: =MID(EC8,2,1) | GI8: =MID(EC8,3,1) | GJ8: =MID(EC8,4,1) | GK8: =MID(ED8,1,1) | GL8: =MID(ED8,2,1) | GM8: =MID(ED8,3,1) | GN8: =MID(ED8,4,1) | GO8: =MID(EE8,1,1) | GP8: =MID(EE8,2,1) | GQ8: =MID(EE8,3,1) | GR8: =MID(EE8,4,1) | GT8: C0B7A8D05F3A829C | GU8: =MID($GT8,1,1) | GV8: =MID($GT8,2,1) | GW8: =MID($GT8,3,1) | GX8: =MID($GT8,4,1) | GY8: =MID($GT8,5,1) | GZ8: =MID($GT8,6,1) | HA8: =MID($GT8,7,1) | HB8: =MID($GT8,8,1) | HC8: =MID($GT8,9,1) | HD8: =MID($GT8,10,1) | HE8: =MID($GT8,11,1) | HF8: =MID($GT8,12,1) | HG8: =MID($GT8,13,1) | HH8: =MID($GT8,14,1) | HI8: =MID($GT8,15,1) | HJ8: =MID($GT8,16,1) | HL8: =DEC2BIN(HEX2DEC(GU8),4) | HM8: =DEC2BIN(HEX2DEC(GV8),4) | HN8: =DEC2BIN(HEX2DEC(GW8),4) | HO8: =DEC2BIN(HEX2DEC(GX8),4) | HP8: =DEC2BIN(HEX2DEC(GY8),4) | HQ8: =DEC2BIN(HEX2DEC(GZ8),4) | HR8: =DEC2BIN(HEX2DEC(HA8),4) | HS8: =DEC2BIN(HEX2DEC(HB8),4) | ... IA8: =DEC2BIN(HEX2DEC(HJ8),4) | IC8: =MID(HL8,1,1) | ID8: =MID(HL8,2,1) | IE8: =MID(HL8,3,1) | IF8: =MID(HL8,4,1) | IG8: =MID(HM8,1,1) | IH8: =MID(HM8,2,1) | II8: =MID(HM8,3,1) | IJ8: =MID(HM8,4,1) | IK8: =MID(HN8,1,1) | IL8: =MID(HN8,2,1) | IM8: =MID(HN8,3,1) | IN8: =MID(HN8,4,1) | IO8: =MID(HO8,1,1) | IP8: =MID(HO8,2,1) | IQ8: =MID(HO8,3,1) | IR8: =MID(HO8,4,1) | IS8: =MID(HP8,1,1) | IT8: =MID(HP8,2,1) | IU8: =MID(HP8,3,1) | IV8: =MID(HP8,4,1) | IW8: =MID(HQ8,1,1) | IX8: =MID(HQ8,2,1) | IY8: =MID(HQ8,3,1) | IZ8: =MID(HQ8,4,1) | JA8: =MID(HR8,1,1) | JB8: =MID(HR8,2,1) | JC8: =MID(HR8,3,1) | JD8: =MID(HR8,4,1) | JE8: =MID(HS8,1,1) | JF8: =MID(HS8,2,1) | JG8: =MID(HS8,3,1) | JH8: =MID(HS8,4,1) | JI8: =MID(HT8,1,1) | JJ8: =MID(HT8,2,1) | JK8: =MID(HT8,3,1) | JL8: =MID(HT8,4,1) | JM8: =MID(HU8,1,1) | JN8: =MID(HU8,2,1) | JO8: =MID(HU8,3,1) | JP8: =MID(HU8,4,1) | JQ8: =MID(HV8,1,1) | JR8: =MID(HV8,2,1) | JS8: =MID(HV8,3,1) | JT8: =MID(HV8,4,1) | JU8: =MID(HW8,1,1) | JV8: =MID(HW8,2,1) | JW8: =MID(HW8,3,1) | JX8: =MID(HW8,4,1) | JY8: =MID(HX8,1,1) | JZ8: =MID(HX8,2,1) | KA8: =MID(HX8,3,1) | KB8: =MID(HX8,4,1) | KC8: =MID(HY8,1,1) | KD8: =MID(HY8,2,1) | KE8: =MID(HY8,3,1) | KF8: =MID(HY8,4,1) | KG8: =MID(HZ8,1,1) | KH8: =MID(HZ8,2,1) | KI8: =MID(HZ8,3,1) | KJ8: =MID(HZ8,4,1) | KK8: =MID(IA8,1,1) | KL8: =MID(IA8,2,1) | KM8: =MID(IA8,3,1) | KN8: =MID(IA8,4,1) | KP8: 4DCDEF3CD51B3F72 | KQ8: =MID($KP8,1,1) | KR8: =MID($KP8,2,1) | KS8: =MID($KP8,3,1) | KT8: =MID($KP8,4,1) | KU8: =MID($KP8,5,1) | KV8: =MID($KP8,6,1) | KW8: =MID($KP8,7,1) | KX8: =MID($KP8,8,1) | KY8: =MID($KP8,9,1) | KZ8: =MID($KP8,10,1) | LA8: =MID($KP8,11,1) | LB8: =MID($KP8,12,1) | LC8: =MID($KP8,13,1) | LD8: =MID($KP8,14,1) | LE8: =MID($KP8,15,1) | LF8: =MID($KP8,16,1) | LH8: =DEC2BIN(HEX2DEC(KQ8),4) | LI8: =DEC2BIN(HEX2DEC(KR8),4) | LJ8: =DEC2BIN(HEX2DEC(KS8),4) | LK8: =DEC2BIN(HEX2DEC(KT8),4) | LL8: =DEC2BIN(HEX2DEC(KU8),4) | LM8: =DEC2BIN(HEX2DEC(KV8),4) | LN8: =DEC2BIN(HEX2DEC(KW8),4) | LO8: =DEC2BIN(HEX2DEC(KX8),4) | ... LW8: =DEC2BIN(HEX2DEC(LF8),4) | LY8: =MID(LH8,1,1) | LZ8: =MID(LH8,2,1) | MA8: =MID(LH8,3,1) | MB8: =MID(LH8,4,1) | MC8: =MID(LI8,1,1) | MD8: =MID(LI8,2,1) | ME8: =MID(LI8,3,1) | MF8: =MID(LI8,4,1) | MG8: =MID(LJ8,1,1) | MH8: =MID(LJ8,2,1) | MI8: =MID(LJ8,3,1) | MJ8: =MID(LJ8,4,1) | MK8: =MID(LK8,1,1) | ML8: =MID(LK8,2,1) | MM8: =MID(LK8,3,1) | MN8: =MID(LK8,4,1) | MO8: =MID(LL8,1,1) | MP8: =MID(LL8,2,1) | MQ8: =MID(LL8,3,1) | MR8: =MID(LL8,4,1) | MS8: =MID(LM8,1,1) | MT8: =MID(LM8,2,1) | MU8: =MID(LM8,3,1) | MV8: =MID(LM8,4,1) | MW8: =MID(LN8,1,1) | MX8: =MID(LN8,2,1) | MY8: =MID(LN8,3,1) | MZ8: =MID(LN8,4,1) | NA8: =MID(LO8,1,1) | NB8: =MID(LO8,2,1) | NC8: =MID(LO8,3,1) | ND8: =MID(LO8,4,1) | NE8: =MID(LP8,1,1) | NF8: =MID(LP8,2,1) | NG8: =MID(LP8,3,1) | NH8: =MID(LP8,4,1) | NI8: =MID(LQ8,1,1) | NJ8: =MID(LQ8,2,1) | NK8: =MID(LQ8,3,1) | NL8: =MID(LQ8,4,1) | NM8: =MID(LR8,1,1) | NN8: =MID(LR8,2,1) | NO8: =MID(LR8,3,1) | NP8: =MID(LR8,4,1) | NQ8: =MID(LS8,1,1) | NR8: =MID(LS8,2,1) | NS8: =MID(LS8,3,1) | NT8: =MID(LS8,4,1) | NU8: =MID(LT8,1,1) | NV8: =MID(LT8,2,1) | NW8: =MID(LT8,3,1) | NX8: =MID(LT8,4,1) | NY8: =MID(LU8,1,1) | NZ8: =MID(LU8,2,1) | OA8: =MID(LU8,3,1) | OB8: =MID(LU8,4,1) | OC8: =MID(LV8,1,1) | OD8: =MID(LV8,2,1) | OE8: =MID(LV8,3,1) | OF8: =MID(LV8,4,1) | OG8: =MID(LW8,1,1) | OH8: =MID(LW8,2,1) | OI8: =MID(LW8,3,1) | OJ8: =MID(LW8,4,1) | OL8: =MOD(IC8+LY8,2) | OM8: =MOD(ID8+LZ8,2) | ON8: =MOD(IE8+MA8,2) | OO8: =MOD(IF8+MB8,2) | OP8: =MOD(IG8+MC8,2) | OQ8: =MOD(IH8+MD8,2) | OR8: =MOD(II8+ME8,2) | OS8: =MOD(IJ8+MF8,2) | ... QW8: =MOD(KN8+OJ8,2) | QY8: =SUM(OL8:QW8)
A9: 123456ABCD132536 | B9: 7 | C9: =MID($A9,1,1) | D9: =MID($A9,2,1) | E9: =MID($A9,3,1) | F9: =MID($A9,4,1) | G9: =MID($A9,5,1) | H9: =MID($A9,6,1) | I9: =MID($A9,7,1) | J9: =MID($A9,8,1) | K9: =MID($A9,9,1) | L9: =MID($A9,10,1) | M9: =MID($A9,11,1) | N9: =MID($A9,12,1) | O9: =MID($A9,13,1) | P9: =MID($A9,14,1) | Q9: =MID($A9,15,1) | R9: =MID($A9,16,1) | T9: =DEC2BIN(HEX2DEC(C9),4) | U9: =DEC2BIN(HEX2DEC(D9),4) | V9: =DEC2BIN(HEX2DEC(E9),4) | W9: =DEC2BIN(HEX2DEC(F9),4) | X9: =DEC2BIN(HEX2DEC(G9),4) | Y9: =DEC2BIN(HEX2DEC(H9),4) | Z9: =DEC2BIN(HEX2DEC(I9),4) | AA9: =DEC2BIN(HEX2DEC(J9),4) | ... AI9: =DEC2BIN(HEX2DEC(R9),4) | AK9: =MID(T9,1,1) | AL9: =MID(T9,2,1) | AM9: =MID(T9,3,1) | AN9: =MID(T9,4,1) | AO9: =MID(U9,1,1) | AP9: =MID(U9,2,1) | AQ9: =MID(U9,3,1) | AR9: =MID(U9,4,1) | AS9: =MID(V9,1,1) | AT9: =MID(V9,2,1) | AU9: =MID(V9,3,1) | AV9: =MID(V9,4,1) | AW9: =MID(W9,1,1) | AX9: =MID(W9,2,1) | AY9: =MID(W9,3,1) | AZ9: =MID(W9,4,1) | BA9: =MID(X9,1,1) | BB9: =MID(X9,2,1) | BC9: =MID(X9,3,1) | BD9: =MID(X9,4,1) | BE9: =MID(Y9,1,1) | BF9: =MID(Y9,2,1) | BG9: =MID(Y9,3,1) | BH9: =MID(Y9,4,1) | BI9: =MID(Z9,1,1) | BJ9: =MID(Z9,2,1) | BK9: =MID(Z9,3,1) | BL9: =MID(Z9,4,1) | BM9: =MID(AA9,1,1) | BN9: =MID(AA9,2,1) | BO9: =MID(AA9,3,1) | BP9: =MID(AA9,4,1) | BQ9: =MID(AB9,1,1) | BR9: =MID(AB9,2,1) | BS9: =MID(AB9,3,1) | BT9: =MID(AB9,4,1) | BU9: =MID(AC9,1,1) | BV9: =MID(AC9,2,1) | BW9: =MID(AC9,3,1) | BX9: =MID(AC9,4,1) | BY9: =MID(AD9,1,1) | BZ9: =MID(AD9,2,1) | CA9: =MID(AD9,3,1) | CB9: =MID(AD9,4,1) | CC9: =MID(AE9,1,1) | CD9: =MID(AE9,2,1) | CE9: =MID(AE9,3,1) | CF9: =MID(AE9,4,1) | CG9: =MID(AF9,1,1) | CH9: =MID(AF9,2,1) | CI9: =MID(AF9,3,1) | CJ9: =MID(AF9,4,1) | CK9: =MID(AG9,1,1) | CL9: =MID(AG9,2,1) | CM9: =MID(AG9,3,1) | CN9: =MID(AG9,4,1) | CO9: =MID(AH9,1,1) | CP9: =MID(AH9,2,1) | CQ9: =MID(AH9,3,1) | CR9: =MID(AH9,4,1) | CS9: =MID(AI9,1,1) | CT9: =MID(AI9,2,1) | CU9: =MID(AI9,3,1) | CV9: =MID(AI9,4,1) | CX9: 103456ABCD132536 | CY9: =MID($CX9,1,1) | CZ9: =MID($CX9,2,1) | DA9: =MID($CX9,3,1) | DB9: =MID($CX9,4,1) | DC9: =MID($CX9,5,1) | DD9: =MID($CX9,6,1) | DE9: =MID($CX9,7,1) | DF9: =MID($CX9,8,1) | DG9: =MID($CX9,9,1) | DH9: =MID($CX9,10,1) | DI9: =MID($CX9,11,1) | DJ9: =MID($CX9,12,1) | DK9: =MID($CX9,13,1) | DL9: =MID($CX9,14,1) | DM9: =MID($CX9,15,1) | DN9: =MID($CX9,16,1) | DP9: =DEC2BIN(HEX2DEC(CY9),4) | DQ9: =DEC2BIN(HEX2DEC(CZ9),4) | DR9: =DEC2BIN(HEX2DEC(DA9),4) | DS9: =DEC2BIN(HEX2DEC(DB9),4) | DT9: =DEC2BIN(HEX2DEC(DC9),4) | DU9: =DEC2BIN(HEX2DEC(DD9),4) | DV9: =DEC2BIN(HEX2DEC(DE9),4) | DW9: =DEC2BIN(HEX2DEC(DF9),4) | ... EE9: =DEC2BIN(HEX2DEC(DN9),4) | EG9: =MID(DP9,1,1) | EH9: =MID(DP9,2,1) | EI9: =MID(DP9,3,1) | EJ9: =MID(DP9,4,1) | EK9: =MID(DQ9,1,1) | EL9: =MID(DQ9,2,1) | EM9: =MID(DQ9,3,1) | EN9: =MID(DQ9,4,1) | EO9: =MID(DR9,1,1) | EP9: =MID(DR9,2,1) | EQ9: =MID(DR9,3,1) | ER9: =MID(DR9,4,1) | ES9: =MID(DS9,1,1) | ET9: =MID(DS9,2,1) | EU9: =MID(DS9,3,1) | EV9: =MID(DS9,4,1) | EW9: =MID(DT9,1,1) | EX9: =MID(DT9,2,1) | EY9: =MID(DT9,3,1) | EZ9: =MID(DT9,4,1) | FA9: =MID(DU9,1,1) | FB9: =MID(DU9,2,1) | FC9: =MID(DU9,3,1) | FD9: =MID(DU9,4,1) | FE9: =MID(DV9,1,1) | FF9: =MID(DV9,2,1) | FG9: =MID(DV9,3,1) | FH9: =MID(DV9,4,1) | FI9: =MID(DW9,1,1) | FJ9: =MID(DW9,2,1) | FK9: =MID(DW9,3,1) | FL9: =MID(DW9,4,1) | FM9: =MID(DX9,1,1) | FN9: =MID(DX9,2,1) | FO9: =MID(DX9,3,1) | FP9: =MID(DX9,4,1) | FQ9: =MID(DY9,1,1) | FR9: =MID(DY9,2,1) | FS9: =MID(DY9,3,1) | FT9: =MID(DY9,4,1) | FU9: =MID(DZ9,1,1) | FV9: =MID(DZ9,2,1) | FW9: =MID(DZ9,3,1) | FX9: =MID(DZ9,4,1) | FY9: =MID(EA9,1,1) | FZ9: =MID(EA9,2,1) | GA9: =MID(EA9,3,1) | GB9: =MID(EA9,4,1) | GC9: =MID(EB9,1,1) | GD9: =MID(EB9,2,1) | GE9: =MID(EB9,3,1) | GF9: =MID(EB9,4,1) | GG9: =MID(EC9,1,1) | GH9: =MID(EC9,2,1) | GI9: =MID(EC9,3,1) | GJ9: =MID(EC9,4,1) | GK9: =MID(ED9,1,1) | GL9: =MID(ED9,2,1) | GM9: =MID(ED9,3,1) | GN9: =MID(ED9,4,1) | GO9: =MID(EE9,1,1) | GP9: =MID(EE9,2,1) | GQ9: =MID(EE9,3,1) | GR9: =MID(EE9,4,1) | GT9: C0B7A8D05F3A829C | GU9: =MID($GT9,1,1) | GV9: =MID($GT9,2,1) | GW9: =MID($GT9,3,1) | GX9: =MID($GT9,4,1) | GY9: =MID($GT9,5,1) | GZ9: =MID($GT9,6,1) | HA9: =MID($GT9,7,1) | HB9: =MID($GT9,8,1) | HC9: =MID($GT9,9,1) | HD9: =MID($GT9,10,1) | HE9: =MID($GT9,11,1) | HF9: =MID($GT9,12,1) | HG9: =MID($GT9,13,1) | HH9: =MID($GT9,14,1) | HI9: =MID($GT9,15,1) | HJ9: =MID($GT9,16,1) | HL9: =DEC2BIN(HEX2DEC(GU9),4) | HM9: =DEC2BIN(HEX2DEC(GV9),4) | HN9: =DEC2BIN(HEX2DEC(GW9),4) | HO9: =DEC2BIN(HEX2DEC(GX9),4) | HP9: =DEC2BIN(HEX2DEC(GY9),4) | HQ9: =DEC2BIN(HEX2DEC(GZ9),4) | HR9: =DEC2BIN(HEX2DEC(HA9),4) | HS9: =DEC2BIN(HEX2DEC(HB9),4) | ... IA9: =DEC2BIN(HEX2DEC(HJ9),4) | IC9: =MID(HL9,1,1) | ID9: =MID(HL9,2,1) | IE9: =MID(HL9,3,1) | IF9: =MID(HL9,4,1) | IG9: =MID(HM9,1,1) | IH9: =MID(HM9,2,1) | II9: =MID(HM9,3,1) | IJ9: =MID(HM9,4,1) | IK9: =MID(HN9,1,1) | IL9: =MID(HN9,2,1) | IM9: =MID(HN9,3,1) | IN9: =MID(HN9,4,1) | IO9: =MID(HO9,1,1) | IP9: =MID(HO9,2,1) | IQ9: =MID(HO9,3,1) | IR9: =MID(HO9,4,1) | IS9: =MID(HP9,1,1) | IT9: =MID(HP9,2,1) | IU9: =MID(HP9,3,1) | IV9: =MID(HP9,4,1) | IW9: =MID(HQ9,1,1) | IX9: =MID(HQ9,2,1) | IY9: =MID(HQ9,3,1) | IZ9: =MID(HQ9,4,1) | JA9: =MID(HR9,1,1) | JB9: =MID(HR9,2,1) | JC9: =MID(HR9,3,1) | JD9: =MID(HR9,4,1) | JE9: =MID(HS9,1,1) | JF9: =MID(HS9,2,1) | JG9: =MID(HS9,3,1) | JH9: =MID(HS9,4,1) | JI9: =MID(HT9,1,1) | JJ9: =MID(HT9,2,1) | JK9: =MID(HT9,3,1) | JL9: =MID(HT9,4,1) | JM9: =MID(HU9,1,1) | JN9: =MID(HU9,2,1) | JO9: =MID(HU9,3,1) | JP9: =MID(HU9,4,1) | JQ9: =MID(HV9,1,1) | JR9: =MID(HV9,2,1) | JS9: =MID(HV9,3,1) | JT9: =MID(HV9,4,1) | JU9: =MID(HW9,1,1) | JV9: =MID(HW9,2,1) | JW9: =MID(HW9,3,1) | JX9: =MID(HW9,4,1) | JY9: =MID(HX9,1,1) | JZ9: =MID(HX9,2,1) | KA9: =MID(HX9,3,1) | KB9: =MID(HX9,4,1) | KC9: =MID(HY9,1,1) | KD9: =MID(HY9,2,1) | KE9: =MID(HY9,3,1) | KF9: =MID(HY9,4,1) | KG9: =MID(HZ9,1,1) | KH9: =MID(HZ9,2,1) | KI9: =MID(HZ9,3,1) | KJ9: =MID(HZ9,4,1) | KK9: =MID(IA9,1,1) | KL9: =MID(IA9,2,1) | KM9: =MID(IA9,3,1) | KN9: =MID(IA9,4,1) | KP9: 94980E6BFC72D42A | KQ9: =MID($KP9,1,1) | KR9: =MID($KP9,2,1) | KS9: =MID($KP9,3,1) | KT9: =MID($KP9,4,1) | KU9: =MID($KP9,5,1) | KV9: =MID($KP9,6,1) | KW9: =MID($KP9,7,1) | KX9: =MID($KP9,8,1) | KY9: =MID($KP9,9,1) | KZ9: =MID($KP9,10,1) | LA9: =MID($KP9,11,1) | LB9: =MID($KP9,12,1) | LC9: =MID($KP9,13,1) | LD9: =MID($KP9,14,1) | LE9: =MID($KP9,15,1) | LF9: =MID($KP9,16,1) | LH9: =DEC2BIN(HEX2DEC(KQ9),4) | LI9: =DEC2BIN(HEX2DEC(KR9),4) | LJ9: =DEC2BIN(HEX2DEC(KS9),4) | LK9: =DEC2BIN(HEX2DEC(KT9),4) | LL9: =DEC2BIN(HEX2DEC(KU9),4) | LM9: =DEC2BIN(HEX2DEC(KV9),4) | LN9: =DEC2BIN(HEX2DEC(KW9),4) | LO9: =DEC2BIN(HEX2DEC(KX9),4) | ... LW9: =DEC2BIN(HEX2DEC(LF9),4) | LY9: =MID(LH9,1,1) | LZ9: =MID(LH9,2,1) | MA9: =MID(LH9,3,1) | MB9: =MID(LH9,4,1) | MC9: =MID(LI9,1,1) | MD9: =MID(LI9,2,1) | ME9: =MID(LI9,3,1) | MF9: =MID(LI9,4,1) | MG9: =MID(LJ9,1,1) | MH9: =MID(LJ9,2,1) | MI9: =MID(LJ9,3,1) | MJ9: =MID(LJ9,4,1) | MK9: =MID(LK9,1,1) | ML9: =MID(LK9,2,1) | MM9: =MID(LK9,3,1) | MN9: =MID(LK9,4,1) | MO9: =MID(LL9,1,1) | MP9: =MID(LL9,2,1) | MQ9: =MID(LL9,3,1) | MR9: =MID(LL9,4,1) | MS9: =MID(LM9,1,1) | MT9: =MID(LM9,2,1) | MU9: =MID(LM9,3,1) | MV9: =MID(LM9,4,1) | MW9: =MID(LN9,1,1) | MX9: =MID(LN9,2,1) | MY9: =MID(LN9,3,1) | MZ9: =MID(LN9,4,1) | NA9: =MID(LO9,1,1) | NB9: =MID(LO9,2,1) | NC9: =MID(LO9,3,1) | ND9: =MID(LO9,4,1) | NE9: =MID(LP9,1,1) | NF9: =MID(LP9,2,1) | NG9: =MID(LP9,3,1) | NH9: =MID(LP9,4,1) | NI9: =MID(LQ9,1,1) | NJ9: =MID(LQ9,2,1) | NK9: =MID(LQ9,3,1) | NL9: =MID(LQ9,4,1) | NM9: =MID(LR9,1,1) | NN9: =MID(LR9,2,1) | NO9: =MID(LR9,3,1) | NP9: =MID(LR9,4,1) | NQ9: =MID(LS9,1,1) | NR9: =MID(LS9,2,1) | NS9: =MID(LS9,3,1) | NT9: =MID(LS9,4,1) | NU9: =MID(LT9,1,1) | NV9: =MID(LT9,2,1) | NW9: =MID(LT9,3,1) | NX9: =MID(LT9,4,1) | NY9: =MID(LU9,1,1) | NZ9: =MID(LU9,2,1) | OA9: =MID(LU9,3,1) | OB9: =MID(LU9,4,1) | OC9: =MID(LV9,1,1) | OD9: =MID(LV9,2,1) | OE9: =MID(LV9,3,1) | OF9: =MID(LV9,4,1) | OG9: =MID(LW9,1,1) | OH9: =MID(LW9,2,1) | OI9: =MID(LW9,3,1) | OJ9: =MID(LW9,4,1) | OL9: =MOD(IC9+LY9,2) | OM9: =MOD(ID9+LZ9,2) | ON9: =MOD(IE9+MA9,2) | OO9: =MOD(IF9+MB9,2) | OP9: =MOD(IG9+MC9,2) | OQ9: =MOD(IH9+MD9,2) | OR9: =MOD(II9+ME9,2) | OS9: =MOD(IJ9+MF9,2) | ... QW9: =MOD(KN9+OJ9,2) | QY9: =SUM(OL9:QW9)
A10: 123456ABCD132536 | B10: 8 | C10: =MID($A10,1,1) | D10: =MID($A10,2,1) | E10: =MID($A10,3,1) | F10: =MID($A10,4,1) | G10: =MID($A10,5,1) | H10: =MID($A10,6,1) | I10: =MID($A10,7,1) | J10: =MID($A10,8,1) | K10: =MID($A10,9,1) | L10: =MID($A10,10,1) | M10: =MID($A10,11,1) | N10: =MID($A10,12,1) | O10: =MID($A10,13,1) | P10: =MID($A10,14,1) | Q10: =MID($A10,15,1) | R10: =MID($A10,16,1) | T10: =DEC2BIN(HEX2DEC(C10),4) | U10: =DEC2BIN(HEX2DEC(D10),4) | V10: =DEC2BIN(HEX2DEC(E10),4) | W10: =DEC2BIN(HEX2DEC(F10),4) | X10: =DEC2BIN(HEX2DEC(G10),4) | Y10: =DEC2BIN(HEX2DEC(H10),4) | Z10: =DEC2BIN(HEX2DEC(I10),4) | AA10: =DEC2BIN(HEX2DEC(J10),4) | ... AI10: =DEC2BIN(HEX2DEC(R10),4) | AK10: =MID(T10,1,1) | AL10: =MID(T10,2,1) | AM10: =MID(T10,3,1) | AN10: =MID(T10,4,1) | AO10: =MID(U10,1,1) | AP10: =MID(U10,2,1) | AQ10: =MID(U10,3,1) | AR10: =MID(U10,4,1) | AS10: =MID(V10,1,1) | AT10: =MID(V10,2,1) | AU10: =MID(V10,3,1) | AV10: =MID(V10,4,1) | AW10: =MID(W10,1,1) | AX10: =MID(W10,2,1) | AY10: =MID(W10,3,1) | AZ10: =MID(W10,4,1) | BA10: =MID(X10,1,1) | BB10: =MID(X10,2,1) | BC10: =MID(X10,3,1) | BD10: =MID(X10,4,1) | BE10: =MID(Y10,1,1) | BF10: =MID(Y10,2,1) | BG10: =MID(Y10,3,1) | BH10: =MID(Y10,4,1) | BI10: =MID(Z10,1,1) | BJ10: =MID(Z10,2,1) | BK10: =MID(Z10,3,1) | BL10: =MID(Z10,4,1) | BM10: =MID(AA10,1,1) | BN10: =MID(AA10,2,1) | BO10: =MID(AA10,3,1) | BP10: =MID(AA10,4,1) | BQ10: =MID(AB10,1,1) | BR10: =MID(AB10,2,1) | BS10: =MID(AB10,3,1) | BT10: =MID(AB10,4,1) | BU10: =MID(AC10,1,1) | BV10: =MID(AC10,2,1) | BW10: =MID(AC10,3,1) | BX10: =MID(AC10,4,1) | BY10: =MID(AD10,1,1) | BZ10: =MID(AD10,2,1) | CA10: =MID(AD10,3,1) | CB10: =MID(AD10,4,1) | CC10: =MID(AE10,1,1) | CD10: =MID(AE10,2,1) | CE10: =MID(AE10,3,1) | CF10: =MID(AE10,4,1) | CG10: =MID(AF10,1,1) | CH10: =MID(AF10,2,1) | CI10: =MID(AF10,3,1) | CJ10: =MID(AF10,4,1) | CK10: =MID(AG10,1,1) | CL10: =MID(AG10,2,1) | CM10: =MID(AG10,3,1) | CN10: =MID(AG10,4,1) | CO10: =MID(AH10,1,1) | CP10: =MID(AH10,2,1) | CQ10: =MID(AH10,3,1) | CR10: =MID(AH10,4,1) | CS10: =MID(AI10,1,1) | CT10: =MID(AI10,2,1) | CU10: =MID(AI10,3,1) | CV10: =MID(AI10,4,1) | CX10: 133456ABCD132536 | CY10: =MID($CX10,1,1) | CZ10: =MID($CX10,2,1) | DA10: =MID($CX10,3,1) | DB10: =MID($CX10,4,1) | DC10: =MID($CX10,5,1) | DD10: =MID($CX10,6,1) | DE10: =MID($CX10,7,1) | DF10: =MID($CX10,8,1) | DG10: =MID($CX10,9,1) | DH10: =MID($CX10,10,1) | DI10: =MID($CX10,11,1) | DJ10: =MID($CX10,12,1) | DK10: =MID($CX10,13,1) | DL10: =MID($CX10,14,1) | DM10: =MID($CX10,15,1) | DN10: =MID($CX10,16,1) | DP10: =DEC2BIN(HEX2DEC(CY10),4) | DQ10: =DEC2BIN(HEX2DEC(CZ10),4) | DR10: =DEC2BIN(HEX2DEC(DA10),4) | DS10: =DEC2BIN(HEX2DEC(DB10),4) | DT10: =DEC2BIN(HEX2DEC(DC10),4) | DU10: =DEC2BIN(HEX2DEC(DD10),4) | DV10: =DEC2BIN(HEX2DEC(DE10),4) | DW10: =DEC2BIN(HEX2DEC(DF10),4) | ... EE10: =DEC2BIN(HEX2DEC(DN10),4) | EG10: =MID(DP10,1,1) | EH10: =MID(DP10,2,1) | EI10: =MID(DP10,3,1) | EJ10: =MID(DP10,4,1) | EK10: =MID(DQ10,1,1) | EL10: =MID(DQ10,2,1) | EM10: =MID(DQ10,3,1) | EN10: =MID(DQ10,4,1) | EO10: =MID(DR10,1,1) | EP10: =MID(DR10,2,1) | EQ10: =MID(DR10,3,1) | ER10: =MID(DR10,4,1) | ES10: =MID(DS10,1,1) | ET10: =MID(DS10,2,1) | EU10: =MID(DS10,3,1) | EV10: =MID(DS10,4,1) | EW10: =MID(DT10,1,1) | EX10: =MID(DT10,2,1) | EY10: =MID(DT10,3,1) | EZ10: =MID(DT10,4,1) | FA10: =MID(DU10,1,1) | FB10: =MID(DU10,2,1) | FC10: =MID(DU10,3,1) | FD10: =MID(DU10,4,1) | FE10: =MID(DV10,1,1) | FF10: =MID(DV10,2,1) | FG10: =MID(DV10,3,1) | FH10: =MID(DV10,4,1) | FI10: =MID(DW10,1,1) | FJ10: =MID(DW10,2,1) | FK10: =MID(DW10,3,1) | FL10: =MID(DW10,4,1) | FM10: =MID(DX10,1,1) | FN10: =MID(DX10,2,1) | FO10: =MID(DX10,3,1) | FP10: =MID(DX10,4,1) | FQ10: =MID(DY10,1,1) | FR10: =MID(DY10,2,1) | FS10: =MID(DY10,3,1) | FT10: =MID(DY10,4,1) | FU10: =MID(DZ10,1,1) | FV10: =MID(DZ10,2,1) | FW10: =MID(DZ10,3,1) | FX10: =MID(DZ10,4,1) | FY10: =MID(EA10,1,1) | FZ10: =MID(EA10,2,1) | GA10: =MID(EA10,3,1) | GB10: =MID(EA10,4,1) | GC10: =MID(EB10,1,1) | GD10: =MID(EB10,2,1) | GE10: =MID(EB10,3,1) | GF10: =MID(EB10,4,1) | GG10: =MID(EC10,1,1) | GH10: =MID(EC10,2,1) | GI10: =MID(EC10,3,1) | GJ10: =MID(EC10,4,1) | GK10: =MID(ED10,1,1) | GL10: =MID(ED10,2,1) | GM10: =MID(ED10,3,1) | GN10: =MID(ED10,4,1) | GO10: =MID(EE10,1,1) | GP10: =MID(EE10,2,1) | GQ10: =MID(EE10,3,1) | GR10: =MID(EE10,4,1) | GT10: C0B7A8D05F3A829C | GU10: =MID($GT10,1,1) | GV10: =MID($GT10,2,1) | GW10: =MID($GT10,3,1) | GX10: =MID($GT10,4,1) | GY10: =MID($GT10,5,1) | GZ10: =MID($GT10,6,1) | HA10: =MID($GT10,7,1) | HB10: =MID($GT10,8,1) | HC10: =MID($GT10,9,1) | HD10: =MID($GT10,10,1) | HE10: =MID($GT10,11,1) | HF10: =MID($GT10,12,1) | HG10: =MID($GT10,13,1) | HH10: =MID($GT10,14,1) | HI10: =MID($GT10,15,1) | HJ10: =MID($GT10,16,1) | HL10: =DEC2BIN(HEX2DEC(GU10),4) | HM10: =DEC2BIN(HEX2DEC(GV10),4) | HN10: =DEC2BIN(HEX2DEC(GW10),4) | HO10: =DEC2BIN(HEX2DEC(GX10),4) | HP10: =DEC2BIN(HEX2DEC(GY10),4) | HQ10: =DEC2BIN(HEX2DEC(GZ10),4) | HR10: =DEC2BIN(HEX2DEC(HA10),4) | HS10: =DEC2BIN(HEX2DEC(HB10),4) | ... IA10: =DEC2BIN(HEX2DEC(HJ10),4) | IC10: =MID(HL10,1,1) | ID10: =MID(HL10,2,1) | IE10: =MID(HL10,3,1) | IF10: =MID(HL10,4,1) | IG10: =MID(HM10,1,1) | IH10: =MID(HM10,2,1) | II10: =MID(HM10,3,1) | IJ10: =MID(HM10,4,1) | IK10: =MID(HN10,1,1) | IL10: =MID(HN10,2,1) | IM10: =MID(HN10,3,1) | IN10: =MID(HN10,4,1) | IO10: =MID(HO10,1,1) | IP10: =MID(HO10,2,1) | IQ10: =MID(HO10,3,1) | IR10: =MID(HO10,4,1) | IS10: =MID(HP10,1,1) | IT10: =MID(HP10,2,1) | IU10: =MID(HP10,3,1) | IV10: =MID(HP10,4,1) | IW10: =MID(HQ10,1,1) | IX10: =MID(HQ10,2,1) | IY10: =MID(HQ10,3,1) | IZ10: =MID(HQ10,4,1) | JA10: =MID(HR10,1,1) | JB10: =MID(HR10,2,1) | JC10: =MID(HR10,3,1) | JD10: =MID(HR10,4,1) | JE10: =MID(HS10,1,1) | JF10: =MID(HS10,2,1) | JG10: =MID(HS10,3,1) | JH10: =MID(HS10,4,1) | JI10: =MID(HT10,1,1) | JJ10: =MID(HT10,2,1) | JK10: =MID(HT10,3,1) | JL10: =MID(HT10,4,1) | JM10: =MID(HU10,1,1) | JN10: =MID(HU10,2,1) | JO10: =MID(HU10,3,1) | JP10: =MID(HU10,4,1) | JQ10: =MID(HV10,1,1) | JR10: =MID(HV10,2,1) | JS10: =MID(HV10,3,1) | JT10: =MID(HV10,4,1) | JU10: =MID(HW10,1,1) | JV10: =MID(HW10,2,1) | JW10: =MID(HW10,3,1) | JX10: =MID(HW10,4,1) | JY10: =MID(HX10,1,1) | JZ10: =MID(HX10,2,1) | KA10: =MID(HX10,3,1) | KB10: =MID(HX10,4,1) | KC10: =MID(HY10,1,1) | KD10: =MID(HY10,2,1) | KE10: =MID(HY10,3,1) | KF10: =MID(HY10,4,1) | KG10: =MID(HZ10,1,1) | KH10: =MID(HZ10,2,1) | KI10: =MID(HZ10,3,1) | KJ10: =MID(HZ10,4,1) | KK10: =MID(IA10,1,1) | KL10: =MID(IA10,2,1) | KM10: =MID(IA10,3,1) | KN10: =MID(IA10,4,1) | KP10: 0134766A1FEAB539 | KQ10: =MID($KP10,1,1) | KR10: =MID($KP10,2,1) | KS10: =MID($KP10,3,1) | KT10: =MID($KP10,4,1) | KU10: =MID($KP10,5,1) | KV10: =MID($KP10,6,1) | KW10: =MID($KP10,7,1) | KX10: =MID($KP10,8,1) | KY10: =MID($KP10,9,1) | KZ10: =MID($KP10,10,1) | LA10: =MID($KP10,11,1) | LB10: =MID($KP10,12,1) | LC10: =MID($KP10,13,1) | LD10: =MID($KP10,14,1) | LE10: =MID($KP10,15,1) | LF10: =MID($KP10,16,1) | LH10: =DEC2BIN(HEX2DEC(KQ10),4) | LI10: =DEC2BIN(HEX2DEC(KR10),4) | LJ10: =DEC2BIN(HEX2DEC(KS10),4) | LK10: =DEC2BIN(HEX2DEC(KT10),4) | LL10: =DEC2BIN(HEX2DEC(KU10),4) | LM10: =DEC2BIN(HEX2DEC(KV10),4) | LN10: =DEC2BIN(HEX2DEC(KW10),4) | LO10: =DEC2BIN(HEX2DEC(KX10),4) | ... LW10: =DEC2BIN(HEX2DEC(LF10),4) | LY10: =MID(LH10,1,1) | LZ10: =MID(LH10,2,1) | MA10: =MID(LH10,3,1) | MB10: =MID(LH10,4,1) | MC10: =MID(LI10,1,1) | MD10: =MID(LI10,2,1) | ME10: =MID(LI10,3,1) | MF10: =MID(LI10,4,1) | MG10: =MID(LJ10,1,1) | MH10: =MID(LJ10,2,1) | MI10: =MID(LJ10,3,1) | MJ10: =MID(LJ10,4,1) | MK10: =MID(LK10,1,1) | ML10: =MID(LK10,2,1) | MM10: =MID(LK10,3,1) | MN10: =MID(LK10,4,1) | MO10: =MID(LL10,1,1) | MP10: =MID(LL10,2,1) | MQ10: =MID(LL10,3,1) | MR10: =MID(LL10,4,1) | MS10: =MID(LM10,1,1) | MT10: =MID(LM10,2,1) | MU10: =MID(LM10,3,1) | MV10: =MID(LM10,4,1) | MW10: =MID(LN10,1,1) | MX10: =MID(LN10,2,1) | MY10: =MID(LN10,3,1) | MZ10: =MID(LN10,4,1) | NA10: =MID(LO10,1,1) | NB10: =MID(LO10,2,1) | NC10: =MID(LO10,3,1) | ND10: =MID(LO10,4,1) | NE10: =MID(LP10,1,1) | NF10: =MID(LP10,2,1) | NG10: =MID(LP10,3,1) | NH10: =MID(LP10,4,1) | NI10: =MID(LQ10,1,1) | NJ10: =MID(LQ10,2,1) | NK10: =MID(LQ10,3,1) | NL10: =MID(LQ10,4,1) | NM10: =MID(LR10,1,1) | NN10: =MID(LR10,2,1) | NO10: =MID(LR10,3,1) | NP10: =MID(LR10,4,1) | NQ10: =MID(LS10,1,1) | NR10: =MID(LS10,2,1) | NS10: =MID(LS10,3,1) | NT10: =MID(LS10,4,1) | NU10: =MID(LT10,1,1) | NV10: =MID(LT10,2,1) | NW10: =MID(LT10,3,1) | NX10: =MID(LT10,4,1) | NY10: =MID(LU10,1,1) | NZ10: =MID(LU10,2,1) | OA10: =MID(LU10,3,1) | OB10: =MID(LU10,4,1) | OC10: =MID(LV10,1,1) | OD10: =MID(LV10,2,1) | OE10: =MID(LV10,3,1) | OF10: =MID(LV10,4,1) | OG10: =MID(LW10,1,1) | OH10: =MID(LW10,2,1) | OI10: =MID(LW10,3,1) | OJ10: =MID(LW10,4,1) | OL10: =MOD(IC10+LY10,2) | OM10: =MOD(ID10+LZ10,2) | ON10: =MOD(IE10+MA10,2) | OO10: =MOD(IF10+MB10,2) | OP10: =MOD(IG10+MC10,2) | OQ10: =MOD(IH10+MD10,2) | OR10: =MOD(II10+ME10,2) | OS10: =MOD(IJ10+MF10,2) | ... QW10: =MOD(KN10+OJ10,2) | QY10: =SUM(OL10:QW10)
A11: 123456ABCD132536 | B11: 9 | C11: =MID($A11,1,1) | D11: =MID($A11,2,1) | E11: =MID($A11,3,1) | F11: =MID($A11,4,1) | G11: =MID($A11,5,1) | H11: =MID($A11,6,1) | I11: =MID($A11,7,1) | J11: =MID($A11,8,1) | K11: =MID($A11,9,1) | L11: =MID($A11,10,1) | M11: =MID($A11,11,1) | N11: =MID($A11,12,1) | O11: =MID($A11,13,1) | P11: =MID($A11,14,1) | Q11: =MID($A11,15,1) | R11: =MID($A11,16,1) | T11: =DEC2BIN(HEX2DEC(C11),4) | U11: =DEC2BIN(HEX2DEC(D11),4) | V11: =DEC2BIN(HEX2DEC(E11),4) | W11: =DEC2BIN(HEX2DEC(F11),4) | X11: =DEC2BIN(HEX2DEC(G11),4) | Y11: =DEC2BIN(HEX2DEC(H11),4) | Z11: =DEC2BIN(HEX2DEC(I11),4) | AA11: =DEC2BIN(HEX2DEC(J11),4) | ... AI11: =DEC2BIN(HEX2DEC(R11),4) | AK11: =MID(T11,1,1) | AL11: =MID(T11,2,1) | AM11: =MID(T11,3,1) | AN11: =MID(T11,4,1) | AO11: =MID(U11,1,1) | AP11: =MID(U11,2,1) | AQ11: =MID(U11,3,1) | AR11: =MID(U11,4,1) | AS11: =MID(V11,1,1) | AT11: =MID(V11,2,1) | AU11: =MID(V11,3,1) | AV11: =MID(V11,4,1) | AW11: =MID(W11,1,1) | AX11: =MID(W11,2,1) | AY11: =MID(W11,3,1) | AZ11: =MID(W11,4,1) | BA11: =MID(X11,1,1) | BB11: =MID(X11,2,1) | BC11: =MID(X11,3,1) | BD11: =MID(X11,4,1) | BE11: =MID(Y11,1,1) | BF11: =MID(Y11,2,1) | BG11: =MID(Y11,3,1) | BH11: =MID(Y11,4,1) | BI11: =MID(Z11,1,1) | BJ11: =MID(Z11,2,1) | BK11: =MID(Z11,3,1) | BL11: =MID(Z11,4,1) | BM11: =MID(AA11,1,1) | BN11: =MID(AA11,2,1) | BO11: =MID(AA11,3,1) | BP11: =MID(AA11,4,1) | BQ11: =MID(AB11,1,1) | BR11: =MID(AB11,2,1) | BS11: =MID(AB11,3,1) | BT11: =MID(AB11,4,1) | BU11: =MID(AC11,1,1) | BV11: =MID(AC11,2,1) | BW11: =MID(AC11,3,1) | BX11: =MID(AC11,4,1) | BY11: =MID(AD11,1,1) | BZ11: =MID(AD11,2,1) | CA11: =MID(AD11,3,1) | CB11: =MID(AD11,4,1) | CC11: =MID(AE11,1,1) | CD11: =MID(AE11,2,1) | CE11: =MID(AE11,3,1) | CF11: =MID(AE11,4,1) | CG11: =MID(AF11,1,1) | CH11: =MID(AF11,2,1) | CI11: =MID(AF11,3,1) | CJ11: =MID(AF11,4,1) | CK11: =MID(AG11,1,1) | CL11: =MID(AG11,2,1) | CM11: =MID(AG11,3,1) | CN11: =MID(AG11,4,1) | CO11: =MID(AH11,1,1) | CP11: =MID(AH11,2,1) | CQ11: =MID(AH11,3,1) | CR11: =MID(AH11,4,1) | CS11: =MID(AI11,1,1) | CT11: =MID(AI11,2,1) | CU11: =MID(AI11,3,1) | CV11: =MID(AI11,4,1) | CX11: 12B456ABCD132536 | CY11: =MID($CX11,1,1) | CZ11: =MID($CX11,2,1) | DA11: =MID($CX11,3,1) | DB11: =MID($CX11,4,1) | DC11: =MID($CX11,5,1) | DD11: =MID($CX11,6,1) | DE11: =MID($CX11,7,1) | DF11: =MID($CX11,8,1) | DG11: =MID($CX11,9,1) | DH11: =MID($CX11,10,1) | DI11: =MID($CX11,11,1) | DJ11: =MID($CX11,12,1) | DK11: =MID($CX11,13,1) | DL11: =MID($CX11,14,1) | DM11: =MID($CX11,15,1) | DN11: =MID($CX11,16,1) | DP11: =DEC2BIN(HEX2DEC(CY11),4) | DQ11: =DEC2BIN(HEX2DEC(CZ11),4) | DR11: =DEC2BIN(HEX2DEC(DA11),4) | DS11: =DEC2BIN(HEX2DEC(DB11),4) | DT11: =DEC2BIN(HEX2DEC(DC11),4) | DU11: =DEC2BIN(HEX2DEC(DD11),4) | DV11: =DEC2BIN(HEX2DEC(DE11),4) | DW11: =DEC2BIN(HEX2DEC(DF11),4) | ... EE11: =DEC2BIN(HEX2DEC(DN11),4) | EG11: =MID(DP11,1,1) | EH11: =MID(DP11,2,1) | EI11: =MID(DP11,3,1) | EJ11: =MID(DP11,4,1) | EK11: =MID(DQ11,1,1) | EL11: =MID(DQ11,2,1) | EM11: =MID(DQ11,3,1) | EN11: =MID(DQ11,4,1) | EO11: =MID(DR11,1,1) | EP11: =MID(DR11,2,1) | EQ11: =MID(DR11,3,1) | ER11: =MID(DR11,4,1) | ES11: =MID(DS11,1,1) | ET11: =MID(DS11,2,1) | EU11: =MID(DS11,3,1) | EV11: =MID(DS11,4,1) | EW11: =MID(DT11,1,1) | EX11: =MID(DT11,2,1) | EY11: =MID(DT11,3,1) | EZ11: =MID(DT11,4,1) | FA11: =MID(DU11,1,1) | FB11: =MID(DU11,2,1) | FC11: =MID(DU11,3,1) | FD11: =MID(DU11,4,1) | FE11: =MID(DV11,1,1) | FF11: =MID(DV11,2,1) | FG11: =MID(DV11,3,1) | FH11: =MID(DV11,4,1) | FI11: =MID(DW11,1,1) | FJ11: =MID(DW11,2,1) | FK11: =MID(DW11,3,1) | FL11: =MID(DW11,4,1) | FM11: =MID(DX11,1,1) | FN11: =MID(DX11,2,1) | FO11: =MID(DX11,3,1) | FP11: =MID(DX11,4,1) | FQ11: =MID(DY11,1,1) | FR11: =MID(DY11,2,1) | FS11: =MID(DY11,3,1) | FT11: =MID(DY11,4,1) | FU11: =MID(DZ11,1,1) | FV11: =MID(DZ11,2,1) | FW11: =MID(DZ11,3,1) | FX11: =MID(DZ11,4,1) | FY11: =MID(EA11,1,1) | FZ11: =MID(EA11,2,1) | GA11: =MID(EA11,3,1) | GB11: =MID(EA11,4,1) | GC11: =MID(EB11,1,1) | GD11: =MID(EB11,2,1) | GE11: =MID(EB11,3,1) | GF11: =MID(EB11,4,1) | GG11: =MID(EC11,1,1) | GH11: =MID(EC11,2,1) | GI11: =MID(EC11,3,1) | GJ11: =MID(EC11,4,1) | GK11: =MID(ED11,1,1) | GL11: =MID(ED11,2,1) | GM11: =MID(ED11,3,1) | GN11: =MID(ED11,4,1) | GO11: =MID(EE11,1,1) | GP11: =MID(EE11,2,1) | GQ11: =MID(EE11,3,1) | GR11: =MID(EE11,4,1) | GT11: C0B7A8D05F3A829C | GU11: =MID($GT11,1,1) | GV11: =MID($GT11,2,1) | GW11: =MID($GT11,3,1) | GX11: =MID($GT11,4,1) | GY11: =MID($GT11,5,1) | GZ11: =MID($GT11,6,1) | HA11: =MID($GT11,7,1) | HB11: =MID($GT11,8,1) | HC11: =MID($GT11,9,1) | HD11: =MID($GT11,10,1) | HE11: =MID($GT11,11,1) | HF11: =MID($GT11,12,1) | HG11: =MID($GT11,13,1) | HH11: =MID($GT11,14,1) | HI11: =MID($GT11,15,1) | HJ11: =MID($GT11,16,1) | HL11: =DEC2BIN(HEX2DEC(GU11),4) | HM11: =DEC2BIN(HEX2DEC(GV11),4) | HN11: =DEC2BIN(HEX2DEC(GW11),4) | HO11: =DEC2BIN(HEX2DEC(GX11),4) | HP11: =DEC2BIN(HEX2DEC(GY11),4) | HQ11: =DEC2BIN(HEX2DEC(GZ11),4) | HR11: =DEC2BIN(HEX2DEC(HA11),4) | HS11: =DEC2BIN(HEX2DEC(HB11),4) | ... IA11: =DEC2BIN(HEX2DEC(HJ11),4) | IC11: =MID(HL11,1,1) | ID11: =MID(HL11,2,1) | IE11: =MID(HL11,3,1) | IF11: =MID(HL11,4,1) | IG11: =MID(HM11,1,1) | IH11: =MID(HM11,2,1) | II11: =MID(HM11,3,1) | IJ11: =MID(HM11,4,1) | IK11: =MID(HN11,1,1) | IL11: =MID(HN11,2,1) | IM11: =MID(HN11,3,1) | IN11: =MID(HN11,4,1) | IO11: =MID(HO11,1,1) | IP11: =MID(HO11,2,1) | IQ11: =MID(HO11,3,1) | IR11: =MID(HO11,4,1) | IS11: =MID(HP11,1,1) | IT11: =MID(HP11,2,1) | IU11: =MID(HP11,3,1) | IV11: =MID(HP11,4,1) | IW11: =MID(HQ11,1,1) | IX11: =MID(HQ11,2,1) | IY11: =MID(HQ11,3,1) | IZ11: =MID(HQ11,4,1) | JA11: =MID(HR11,1,1) | JB11: =MID(HR11,2,1) | JC11: =MID(HR11,3,1) | JD11: =MID(HR11,4,1) | JE11: =MID(HS11,1,1) | JF11: =MID(HS11,2,1) | JG11: =MID(HS11,3,1) | JH11: =MID(HS11,4,1) | JI11: =MID(HT11,1,1) | JJ11: =MID(HT11,2,1) | JK11: =MID(HT11,3,1) | JL11: =MID(HT11,4,1) | JM11: =MID(HU11,1,1) | JN11: =MID(HU11,2,1) | JO11: =MID(HU11,3,1) | JP11: =MID(HU11,4,1) | JQ11: =MID(HV11,1,1) | JR11: =MID(HV11,2,1) | JS11: =MID(HV11,3,1) | JT11: =MID(HV11,4,1) | JU11: =MID(HW11,1,1) | JV11: =MID(HW11,2,1) | JW11: =MID(HW11,3,1) | JX11: =MID(HW11,4,1) | JY11: =MID(HX11,1,1) | JZ11: =MID(HX11,2,1) | KA11: =MID(HX11,3,1) | KB11: =MID(HX11,4,1) | KC11: =MID(HY11,1,1) | KD11: =MID(HY11,2,1) | KE11: =MID(HY11,3,1) | KF11: =MID(HY11,4,1) | KG11: =MID(HZ11,1,1) | KH11: =MID(HZ11,2,1) | KI11: =MID(HZ11,3,1) | KJ11: =MID(HZ11,4,1) | KK11: =MID(IA11,1,1) | KL11: =MID(IA11,2,1) | KM11: =MID(IA11,3,1) | KN11: =MID(IA11,4,1) | KP11: D6C5ECCAAC321B49 | KQ11: =MID($KP11,1,1) | KR11: =MID($KP11,2,1) | KS11: =MID($KP11,3,1) | KT11: =MID($KP11,4,1) | KU11: =MID($KP11,5,1) | KV11: =MID($KP11,6,1) | KW11: =MID($KP11,7,1) | KX11: =MID($KP11,8,1) | KY11: =MID($KP11,9,1) | KZ11: =MID($KP11,10,1) | LA11: =MID($KP11,11,1) | LB11: =MID($KP11,12,1) | LC11: =MID($KP11,13,1) | LD11: =MID($KP11,14,1) | LE11: =MID($KP11,15,1) | LF11: =MID($KP11,16,1) | LH11: =DEC2BIN(HEX2DEC(KQ11),4) | LI11: =DEC2BIN(HEX2DEC(KR11),4) | LJ11: =DEC2BIN(HEX2DEC(KS11),4) | LK11: =DEC2BIN(HEX2DEC(KT11),4) | LL11: =DEC2BIN(HEX2DEC(KU11),4) | LM11: =DEC2BIN(HEX2DEC(KV11),4) | LN11: =DEC2BIN(HEX2DEC(KW11),4) | LO11: =DEC2BIN(HEX2DEC(KX11),4) | ... LW11: =DEC2BIN(HEX2DEC(LF11),4) | LY11: =MID(LH11,1,1) | LZ11: =MID(LH11,2,1) | MA11: =MID(LH11,3,1) | MB11: =MID(LH11,4,1) | MC11: =MID(LI11,1,1) | MD11: =MID(LI11,2,1) | ME11: =MID(LI11,3,1) | MF11: =MID(LI11,4,1) | MG11: =MID(LJ11,1,1) | MH11: =MID(LJ11,2,1) | MI11: =MID(LJ11,3,1) | MJ11: =MID(LJ11,4,1) | MK11: =MID(LK11,1,1) | ML11: =MID(LK11,2,1) | MM11: =MID(LK11,3,1) | MN11: =MID(LK11,4,1) | MO11: =MID(LL11,1,1) | MP11: =MID(LL11,2,1) | MQ11: =MID(LL11,3,1) | MR11: =MID(LL11,4,1) | MS11: =MID(LM11,1,1) | MT11: =MID(LM11,2,1) | MU11: =MID(LM11,3,1) | MV11: =MID(LM11,4,1) | MW11: =MID(LN11,1,1) | MX11: =MID(LN11,2,1) | MY11: =MID(LN11,3,1) | MZ11: =MID(LN11,4,1) | NA11: =MID(LO11,1,1) | NB11: =MID(LO11,2,1) | NC11: =MID(LO11,3,1) | ND11: =MID(LO11,4,1) | NE11: =MID(LP11,1,1) | NF11: =MID(LP11,2,1) | NG11: =MID(LP11,3,1) | NH11: =MID(LP11,4,1) | NI11: =MID(LQ11,1,1) | NJ11: =MID(LQ11,2,1) | NK11: =MID(LQ11,3,1) | NL11: =MID(LQ11,4,1) | NM11: =MID(LR11,1,1) | NN11: =MID(LR11,2,1) | NO11: =MID(LR11,3,1) | NP11: =MID(LR11,4,1) | NQ11: =MID(LS11,1,1) | NR11: =MID(LS11,2,1) | NS11: =MID(LS11,3,1) | NT11: =MID(LS11,4,1) | NU11: =MID(LT11,1,1) | NV11: =MID(LT11,2,1) | NW11: =MID(LT11,3,1) | NX11: =MID(LT11,4,1) | NY11: =MID(LU11,1,1) | NZ11: =MID(LU11,2,1) | OA11: =MID(LU11,3,1) | OB11: =MID(LU11,4,1) | OC11: =MID(LV11,1,1) | OD11: =MID(LV11,2,1) | OE11: =MID(LV11,3,1) | OF11: =MID(LV11,4,1) | OG11: =MID(LW11,1,1) | OH11: =MID(LW11,2,1) | OI11: =MID(LW11,3,1) | OJ11: =MID(LW11,4,1) | OL11: =MOD(IC11+LY11,2) | OM11: =MOD(ID11+LZ11,2) | ON11: =MOD(IE11+MA11,2) | OO11: =MOD(IF11+MB11,2) | OP11: =MOD(IG11+MC11,2) | OQ11: =MOD(IH11+MD11,2) | OR11: =MOD(II11+ME11,2) | OS11: =MOD(IJ11+MF11,2) | ... QW11: =MOD(KN11+OJ11,2) | QY11: =SUM(OL11:QW11)
A12: 123456ABCD132536 | B12: 10 | C12: =MID($A12,1,1) | D12: =MID($A12,2,1) | E12: =MID($A12,3,1) | F12: =MID($A12,4,1) | G12: =MID($A12,5,1) | H12: =MID($A12,6,1) | I12: =MID($A12,7,1) | J12: =MID($A12,8,1) | K12: =MID($A12,9,1) | L12: =MID($A12,10,1) | M12: =MID($A12,11,1) | N12: =MID($A12,12,1) | O12: =MID($A12,13,1) | P12: =MID($A12,14,1) | Q12: =MID($A12,15,1) | R12: =MID($A12,16,1) | T12: =DEC2BIN(HEX2DEC(C12),4) | U12: =DEC2BIN(HEX2DEC(D12),4) | V12: =DEC2BIN(HEX2DEC(E12),4) | W12: =DEC2BIN(HEX2DEC(F12),4) | X12: =DEC2BIN(HEX2DEC(G12),4) | Y12: =DEC2BIN(HEX2DEC(H12),4) | Z12: =DEC2BIN(HEX2DEC(I12),4) | AA12: =DEC2BIN(HEX2DEC(J12),4) | ... AI12: =DEC2BIN(HEX2DEC(R12),4) | AK12: =MID(T12,1,1) | AL12: =MID(T12,2,1) | AM12: =MID(T12,3,1) | AN12: =MID(T12,4,1) | AO12: =MID(U12,1,1) | AP12: =MID(U12,2,1) | AQ12: =MID(U12,3,1) | AR12: =MID(U12,4,1) | AS12: =MID(V12,1,1) | AT12: =MID(V12,2,1) | AU12: =MID(V12,3,1) | AV12: =MID(V12,4,1) | AW12: =MID(W12,1,1) | AX12: =MID(W12,2,1) | AY12: =MID(W12,3,1) | AZ12: =MID(W12,4,1) | BA12: =MID(X12,1,1) | BB12: =MID(X12,2,1) | BC12: =MID(X12,3,1) | BD12: =MID(X12,4,1) | BE12: =MID(Y12,1,1) | BF12: =MID(Y12,2,1) | BG12: =MID(Y12,3,1) | BH12: =MID(Y12,4,1) | BI12: =MID(Z12,1,1) | BJ12: =MID(Z12,2,1) | BK12: =MID(Z12,3,1) | BL12: =MID(Z12,4,1) | BM12: =MID(AA12,1,1) | BN12: =MID(AA12,2,1) | BO12: =MID(AA12,3,1) | BP12: =MID(AA12,4,1) | BQ12: =MID(AB12,1,1) | BR12: =MID(AB12,2,1) | BS12: =MID(AB12,3,1) | BT12: =MID(AB12,4,1) | BU12: =MID(AC12,1,1) | BV12: =MID(AC12,2,1) | BW12: =MID(AC12,3,1) | BX12: =MID(AC12,4,1) | BY12: =MID(AD12,1,1) | BZ12: =MID(AD12,2,1) | CA12: =MID(AD12,3,1) | CB12: =MID(AD12,4,1) | CC12: =MID(AE12,1,1) | CD12: =MID(AE12,2,1) | CE12: =MID(AE12,3,1) | CF12: =MID(AE12,4,1) | CG12: =MID(AF12,1,1) | CH12: =MID(AF12,2,1) | CI12: =MID(AF12,3,1) | CJ12: =MID(AF12,4,1) | CK12: =MID(AG12,1,1) | CL12: =MID(AG12,2,1) | CM12: =MID(AG12,3,1) | CN12: =MID(AG12,4,1) | CO12: =MID(AH12,1,1) | CP12: =MID(AH12,2,1) | CQ12: =MID(AH12,3,1) | CR12: =MID(AH12,4,1) | CS12: =MID(AI12,1,1) | CT12: =MID(AI12,2,1) | CU12: =MID(AI12,3,1) | CV12: =MID(AI12,4,1) | CX12: 127456ABCD132536 | CY12: =MID($CX12,1,1) | CZ12: =MID($CX12,2,1) | DA12: =MID($CX12,3,1) | DB12: =MID($CX12,4,1) | DC12: =MID($CX12,5,1) | DD12: =MID($CX12,6,1) | DE12: =MID($CX12,7,1) | DF12: =MID($CX12,8,1) | DG12: =MID($CX12,9,1) | DH12: =MID($CX12,10,1) | DI12: =MID($CX12,11,1) | DJ12: =MID($CX12,12,1) | DK12: =MID($CX12,13,1) | DL12: =MID($CX12,14,1) | DM12: =MID($CX12,15,1) | DN12: =MID($CX12,16,1) | DP12: =DEC2BIN(HEX2DEC(CY12),4) | DQ12: =DEC2BIN(HEX2DEC(CZ12),4) | DR12: =DEC2BIN(HEX2DEC(DA12),4) | DS12: =DEC2BIN(HEX2DEC(DB12),4) | DT12: =DEC2BIN(HEX2DEC(DC12),4) | DU12: =DEC2BIN(HEX2DEC(DD12),4) | DV12: =DEC2BIN(HEX2DEC(DE12),4) | DW12: =DEC2BIN(HEX2DEC(DF12),4) | ... EE12: =DEC2BIN(HEX2DEC(DN12),4) | EG12: =MID(DP12,1,1) | EH12: =MID(DP12,2,1) | EI12: =MID(DP12,3,1) | EJ12: =MID(DP12,4,1) | EK12: =MID(DQ12,1,1) | EL12: =MID(DQ12,2,1) | EM12: =MID(DQ12,3,1) | EN12: =MID(DQ12,4,1) | EO12: =MID(DR12,1,1) | EP12: =MID(DR12,2,1) | EQ12: =MID(DR12,3,1) | ER12: =MID(DR12,4,1) | ES12: =MID(DS12,1,1) | ET12: =MID(DS12,2,1) | EU12: =MID(DS12,3,1) | EV12: =MID(DS12,4,1) | EW12: =MID(DT12,1,1) | EX12: =MID(DT12,2,1) | EY12: =MID(DT12,3,1) | EZ12: =MID(DT12,4,1) | FA12: =MID(DU12,1,1) | FB12: =MID(DU12,2,1) | FC12: =MID(DU12,3,1) | FD12: =MID(DU12,4,1) | FE12: =MID(DV12,1,1) | FF12: =MID(DV12,2,1) | FG12: =MID(DV12,3,1) | FH12: =MID(DV12,4,1) | FI12: =MID(DW12,1,1) | FJ12: =MID(DW12,2,1) | FK12: =MID(DW12,3,1) | FL12: =MID(DW12,4,1) | FM12: =MID(DX12,1,1) | FN12: =MID(DX12,2,1) | FO12: =MID(DX12,3,1) | FP12: =MID(DX12,4,1) | FQ12: =MID(DY12,1,1) | FR12: =MID(DY12,2,1) | FS12: =MID(DY12,3,1) | FT12: =MID(DY12,4,1) | FU12: =MID(DZ12,1,1) | FV12: =MID(DZ12,2,1) | FW12: =MID(DZ12,3,1) | FX12: =MID(DZ12,4,1) | FY12: =MID(EA12,1,1) | FZ12: =MID(EA12,2,1) | GA12: =MID(EA12,3,1) | GB12: =MID(EA12,4,1) | GC12: =MID(EB12,1,1) | GD12: =MID(EB12,2,1) | GE12: =MID(EB12,3,1) | GF12: =MID(EB12,4,1) | GG12: =MID(EC12,1,1) | GH12: =MID(EC12,2,1) | GI12: =MID(EC12,3,1) | GJ12: =MID(EC12,4,1) | GK12: =MID(ED12,1,1) | GL12: =MID(ED12,2,1) | GM12: =MID(ED12,3,1) | GN12: =MID(ED12,4,1) | GO12: =MID(EE12,1,1) | GP12: =MID(EE12,2,1) | GQ12: =MID(EE12,3,1) | GR12: =MID(EE12,4,1) | GT12: C0B7A8D05F3A829C | GU12: =MID($GT12,1,1) | GV12: =MID($GT12,2,1) | GW12: =MID($GT12,3,1) | GX12: =MID($GT12,4,1) | GY12: =MID($GT12,5,1) | GZ12: =MID($GT12,6,1) | HA12: =MID($GT12,7,1) | HB12: =MID($GT12,8,1) | HC12: =MID($GT12,9,1) | HD12: =MID($GT12,10,1) | HE12: =MID($GT12,11,1) | HF12: =MID($GT12,12,1) | HG12: =MID($GT12,13,1) | HH12: =MID($GT12,14,1) | HI12: =MID($GT12,15,1) | HJ12: =MID($GT12,16,1) | HL12: =DEC2BIN(HEX2DEC(GU12),4) | HM12: =DEC2BIN(HEX2DEC(GV12),4) | HN12: =DEC2BIN(HEX2DEC(GW12),4) | HO12: =DEC2BIN(HEX2DEC(GX12),4) | HP12: =DEC2BIN(HEX2DEC(GY12),4) | HQ12: =DEC2BIN(HEX2DEC(GZ12),4) | HR12: =DEC2BIN(HEX2DEC(HA12),4) | HS12: =DEC2BIN(HEX2DEC(HB12),4) | ... IA12: =DEC2BIN(HEX2DEC(HJ12),4) | IC12: =MID(HL12,1,1) | ID12: =MID(HL12,2,1) | IE12: =MID(HL12,3,1) | IF12: =MID(HL12,4,1) | IG12: =MID(HM12,1,1) | IH12: =MID(HM12,2,1) | II12: =MID(HM12,3,1) | IJ12: =MID(HM12,4,1) | IK12: =MID(HN12,1,1) | IL12: =MID(HN12,2,1) | IM12: =MID(HN12,3,1) | IN12: =MID(HN12,4,1) | IO12: =MID(HO12,1,1) | IP12: =MID(HO12,2,1) | IQ12: =MID(HO12,3,1) | IR12: =MID(HO12,4,1) | IS12: =MID(HP12,1,1) | IT12: =MID(HP12,2,1) | IU12: =MID(HP12,3,1) | IV12: =MID(HP12,4,1) | IW12: =MID(HQ12,1,1) | IX12: =MID(HQ12,2,1) | IY12: =MID(HQ12,3,1) | IZ12: =MID(HQ12,4,1) | JA12: =MID(HR12,1,1) | JB12: =MID(HR12,2,1) | JC12: =MID(HR12,3,1) | JD12: =MID(HR12,4,1) | JE12: =MID(HS12,1,1) | JF12: =MID(HS12,2,1) | JG12: =MID(HS12,3,1) | JH12: =MID(HS12,4,1) | JI12: =MID(HT12,1,1) | JJ12: =MID(HT12,2,1) | JK12: =MID(HT12,3,1) | JL12: =MID(HT12,4,1) | JM12: =MID(HU12,1,1) | JN12: =MID(HU12,2,1) | JO12: =MID(HU12,3,1) | JP12: =MID(HU12,4,1) | JQ12: =MID(HV12,1,1) | JR12: =MID(HV12,2,1) | JS12: =MID(HV12,3,1) | JT12: =MID(HV12,4,1) | JU12: =MID(HW12,1,1) | JV12: =MID(HW12,2,1) | JW12: =MID(HW12,3,1) | JX12: =MID(HW12,4,1) | JY12: =MID(HX12,1,1) | JZ12: =MID(HX12,2,1) | KA12: =MID(HX12,3,1) | KB12: =MID(HX12,4,1) | KC12: =MID(HY12,1,1) | KD12: =MID(HY12,2,1) | KE12: =MID(HY12,3,1) | KF12: =MID(HY12,4,1) | KG12: =MID(HZ12,1,1) | KH12: =MID(HZ12,2,1) | KI12: =MID(HZ12,3,1) | KJ12: =MID(HZ12,4,1) | KK12: =MID(IA12,1,1) | KL12: =MID(IA12,2,1) | KM12: =MID(IA12,3,1) | KN12: =MID(IA12,4,1) | KP12: 1A6F71364A885DEC | KQ12: =MID($KP12,1,1) | KR12: =MID($KP12,2,1) | KS12: =MID($KP12,3,1) | KT12: =MID($KP12,4,1) | KU12: =MID($KP12,5,1) | KV12: =MID($KP12,6,1) | KW12: =MID($KP12,7,1) | KX12: =MID($KP12,8,1) | KY12: =MID($KP12,9,1) | KZ12: =MID($KP12,10,1) | LA12: =MID($KP12,11,1) | LB12: =MID($KP12,12,1) | LC12: =MID($KP12,13,1) | LD12: =MID($KP12,14,1) | LE12: =MID($KP12,15,1) | LF12: =MID($KP12,16,1) | LH12: =DEC2BIN(HEX2DEC(KQ12),4) | LI12: =DEC2BIN(HEX2DEC(KR12),4) | LJ12: =DEC2BIN(HEX2DEC(KS12),4) | LK12: =DEC2BIN(HEX2DEC(KT12),4) | LL12: =DEC2BIN(HEX2DEC(KU12),4) | LM12: =DEC2BIN(HEX2DEC(KV12),4) | LN12: =DEC2BIN(HEX2DEC(KW12),4) | LO12: =DEC2BIN(HEX2DEC(KX12),4) | ... LW12: =DEC2BIN(HEX2DEC(LF12),4) | LY12: =MID(LH12,1,1) | LZ12: =MID(LH12,2,1) | MA12: =MID(LH12,3,1) | MB12: =MID(LH12,4,1) | MC12: =MID(LI12,1,1) | MD12: =MID(LI12,2,1) | ME12: =MID(LI12,3,1) | MF12: =MID(LI12,4,1) | MG12: =MID(LJ12,1,1) | MH12: =MID(LJ12,2,1) | MI12: =MID(LJ12,3,1) | MJ12: =MID(LJ12,4,1) | MK12: =MID(LK12,1,1) | ML12: =MID(LK12,2,1) | MM12: =MID(LK12,3,1) | MN12: =MID(LK12,4,1) | MO12: =MID(LL12,1,1) | MP12: =MID(LL12,2,1) | MQ12: =MID(LL12,3,1) | MR12: =MID(LL12,4,1) | MS12: =MID(LM12,1,1) | MT12: =MID(LM12,2,1) | MU12: =MID(LM12,3,1) | MV12: =MID(LM12,4,1) | MW12: =MID(LN12,1,1) | MX12: =MID(LN12,2,1) | MY12: =MID(LN12,3,1) | MZ12: =MID(LN12,4,1) | NA12: =MID(LO12,1,1) | NB12: =MID(LO12,2,1) | NC12: =MID(LO12,3,1) | ND12: =MID(LO12,4,1) | NE12: =MID(LP12,1,1) | NF12: =MID(LP12,2,1) | NG12: =MID(LP12,3,1) | NH12: =MID(LP12,4,1) | NI12: =MID(LQ12,1,1) | NJ12: =MID(LQ12,2,1) | NK12: =MID(LQ12,3,1) | NL12: =MID(LQ12,4,1) | NM12: =MID(LR12,1,1) | NN12: =MID(LR12,2,1) | NO12: =MID(LR12,3,1) | NP12: =MID(LR12,4,1) | NQ12: =MID(LS12,1,1) | NR12: =MID(LS12,2,1) | NS12: =MID(LS12,3,1) | NT12: =MID(LS12,4,1) | NU12: =MID(LT12,1,1) | NV12: =MID(LT12,2,1) | NW12: =MID(LT12,3,1) | NX12: =MID(LT12,4,1) | NY12: =MID(LU12,1,1) | NZ12: =MID(LU12,2,1) | OA12: =MID(LU12,3,1) | OB12: =MID(LU12,4,1) | OC12: =MID(LV12,1,1) | OD12: =MID(LV12,2,1) | OE12: =MID(LV12,3,1) | OF12: =MID(LV12,4,1) | OG12: =MID(LW12,1,1) | OH12: =MID(LW12,2,1) | OI12: =MID(LW12,3,1) | OJ12: =MID(LW12,4,1) | OL12: =MOD(IC12+LY12,2) | OM12: =MOD(ID12+LZ12,2) | ON12: =MOD(IE12+MA12,2) | OO12: =MOD(IF12+MB12,2) | OP12: =MOD(IG12+MC12,2) | OQ12: =MOD(IH12+MD12,2) | OR12: =MOD(II12+ME12,2) | OS12: =MOD(IJ12+MF12,2) | ... QW12: =MOD(KN12+OJ12,2) | QY12: =SUM(OL12:QW12)
A13: 123456ABCD132536 | B13: 11 | C13: =MID($A13,1,1) | D13: =MID($A13,2,1) | E13: =MID($A13,3,1) | F13: =MID($A13,4,1) | G13: =MID($A13,5,1) | H13: =MID($A13,6,1) | I13: =MID($A13,7,1) | J13: =MID($A13,8,1) | K13: =MID($A13,9,1) | L13: =MID($A13,10,1) | M13: =MID($A13,11,1) | N13: =MID($A13,12,1) | O13: =MID($A13,13,1) | P13: =MID($A13,14,1) | Q13: =MID($A13,15,1) | R13: =MID($A13,16,1) | T13: =DEC2BIN(HEX2DEC(C13),4) | U13: =DEC2BIN(HEX2DEC(D13),4) | V13: =DEC2BIN(HEX2DEC(E13),4) | W13: =DEC2BIN(HEX2DEC(F13),4) | X13: =DEC2BIN(HEX2DEC(G13),4) | Y13: =DEC2BIN(HEX2DEC(H13),4) | Z13: =DEC2BIN(HEX2DEC(I13),4) | AA13: =DEC2BIN(HEX2DEC(J13),4) | ... AI13: =DEC2BIN(HEX2DEC(R13),4) | AK13: =MID(T13,1,1) | AL13: =MID(T13,2,1) | AM13: =MID(T13,3,1) | AN13: =MID(T13,4,1) | AO13: =MID(U13,1,1) | AP13: =MID(U13,2,1) | AQ13: =MID(U13,3,1) | AR13: =MID(U13,4,1) | AS13: =MID(V13,1,1) | AT13: =MID(V13,2,1) | AU13: =MID(V13,3,1) | AV13: =MID(V13,4,1) | AW13: =MID(W13,1,1) | AX13: =MID(W13,2,1) | AY13: =MID(W13,3,1) | AZ13: =MID(W13,4,1) | BA13: =MID(X13,1,1) | BB13: =MID(X13,2,1) | BC13: =MID(X13,3,1) | BD13: =MID(X13,4,1) | BE13: =MID(Y13,1,1) | BF13: =MID(Y13,2,1) | BG13: =MID(Y13,3,1) | BH13: =MID(Y13,4,1) | BI13: =MID(Z13,1,1) | BJ13: =MID(Z13,2,1) | BK13: =MID(Z13,3,1) | BL13: =MID(Z13,4,1) | BM13: =MID(AA13,1,1) | BN13: =MID(AA13,2,1) | BO13: =MID(AA13,3,1) | BP13: =MID(AA13,4,1) | BQ13: =MID(AB13,1,1) | BR13: =MID(AB13,2,1) | BS13: =MID(AB13,3,1) | BT13: =MID(AB13,4,1) | BU13: =MID(AC13,1,1) | BV13: =MID(AC13,2,1) | BW13: =MID(AC13,3,1) | BX13: =MID(AC13,4,1) | BY13: =MID(AD13,1,1) | BZ13: =MID(AD13,2,1) | CA13: =MID(AD13,3,1) | CB13: =MID(AD13,4,1) | CC13: =MID(AE13,1,1) | CD13: =MID(AE13,2,1) | CE13: =MID(AE13,3,1) | CF13: =MID(AE13,4,1) | CG13: =MID(AF13,1,1) | CH13: =MID(AF13,2,1) | CI13: =MID(AF13,3,1) | CJ13: =MID(AF13,4,1) | CK13: =MID(AG13,1,1) | CL13: =MID(AG13,2,1) | CM13: =MID(AG13,3,1) | CN13: =MID(AG13,4,1) | CO13: =MID(AH13,1,1) | CP13: =MID(AH13,2,1) | CQ13: =MID(AH13,3,1) | CR13: =MID(AH13,4,1) | CS13: =MID(AI13,1,1) | CT13: =MID(AI13,2,1) | CU13: =MID(AI13,3,1) | CV13: =MID(AI13,4,1) | CX13: 121456ABCD132536 | CY13: =MID($CX13,1,1) | CZ13: =MID($CX13,2,1) | DA13: =MID($CX13,3,1) | DB13: =MID($CX13,4,1) | DC13: =MID($CX13,5,1) | DD13: =MID($CX13,6,1) | DE13: =MID($CX13,7,1) | DF13: =MID($CX13,8,1) | DG13: =MID($CX13,9,1) | DH13: =MID($CX13,10,1) | DI13: =MID($CX13,11,1) | DJ13: =MID($CX13,12,1) | DK13: =MID($CX13,13,1) | DL13: =MID($CX13,14,1) | DM13: =MID($CX13,15,1) | DN13: =MID($CX13,16,1) | DP13: =DEC2BIN(HEX2DEC(CY13),4) | DQ13: =DEC2BIN(HEX2DEC(CZ13),4) | DR13: =DEC2BIN(HEX2DEC(DA13),4) | DS13: =DEC2BIN(HEX2DEC(DB13),4) | DT13: =DEC2BIN(HEX2DEC(DC13),4) | DU13: =DEC2BIN(HEX2DEC(DD13),4) | DV13: =DEC2BIN(HEX2DEC(DE13),4) | DW13: =DEC2BIN(HEX2DEC(DF13),4) | ... EE13: =DEC2BIN(HEX2DEC(DN13),4) | EG13: =MID(DP13,1,1) | EH13: =MID(DP13,2,1) | EI13: =MID(DP13,3,1) | EJ13: =MID(DP13,4,1) | EK13: =MID(DQ13,1,1) | EL13: =MID(DQ13,2,1) | EM13: =MID(DQ13,3,1) | EN13: =MID(DQ13,4,1) | EO13: =MID(DR13,1,1) | EP13: =MID(DR13,2,1) | EQ13: =MID(DR13,3,1) | ER13: =MID(DR13,4,1) | ES13: =MID(DS13,1,1) | ET13: =MID(DS13,2,1) | EU13: =MID(DS13,3,1) | EV13: =MID(DS13,4,1) | EW13: =MID(DT13,1,1) | EX13: =MID(DT13,2,1) | EY13: =MID(DT13,3,1) | EZ13: =MID(DT13,4,1) | FA13: =MID(DU13,1,1) | FB13: =MID(DU13,2,1) | FC13: =MID(DU13,3,1) | FD13: =MID(DU13,4,1) | FE13: =MID(DV13,1,1) | FF13: =MID(DV13,2,1) | FG13: =MID(DV13,3,1) | FH13: =MID(DV13,4,1) | FI13: =MID(DW13,1,1) | FJ13: =MID(DW13,2,1) | FK13: =MID(DW13,3,1) | FL13: =MID(DW13,4,1) | FM13: =MID(DX13,1,1) | FN13: =MID(DX13,2,1) | FO13: =MID(DX13,3,1) | FP13: =MID(DX13,4,1) | FQ13: =MID(DY13,1,1) | FR13: =MID(DY13,2,1) | FS13: =MID(DY13,3,1) | FT13: =MID(DY13,4,1) | FU13: =MID(DZ13,1,1) | FV13: =MID(DZ13,2,1) | FW13: =MID(DZ13,3,1) | FX13: =MID(DZ13,4,1) | FY13: =MID(EA13,1,1) | FZ13: =MID(EA13,2,1) | GA13: =MID(EA13,3,1) | GB13: =MID(EA13,4,1) | GC13: =MID(EB13,1,1) | GD13: =MID(EB13,2,1) | GE13: =MID(EB13,3,1) | GF13: =MID(EB13,4,1) | GG13: =MID(EC13,1,1) | GH13: =MID(EC13,2,1) | GI13: =MID(EC13,3,1) | GJ13: =MID(EC13,4,1) | GK13: =MID(ED13,1,1) | GL13: =MID(ED13,2,1) | GM13: =MID(ED13,3,1) | GN13: =MID(ED13,4,1) | GO13: =MID(EE13,1,1) | GP13: =MID(EE13,2,1) | GQ13: =MID(EE13,3,1) | GR13: =MID(EE13,4,1) | GT13: C0B7A8D05F3A829C | GU13: =MID($GT13,1,1) | GV13: =MID($GT13,2,1) | GW13: =MID($GT13,3,1) | GX13: =MID($GT13,4,1) | GY13: =MID($GT13,5,1) | GZ13: =MID($GT13,6,1) | HA13: =MID($GT13,7,1) | HB13: =MID($GT13,8,1) | HC13: =MID($GT13,9,1) | HD13: =MID($GT13,10,1) | HE13: =MID($GT13,11,1) | HF13: =MID($GT13,12,1) | HG13: =MID($GT13,13,1) | HH13: =MID($GT13,14,1) | HI13: =MID($GT13,15,1) | HJ13: =MID($GT13,16,1) | HL13: =DEC2BIN(HEX2DEC(GU13),4) | HM13: =DEC2BIN(HEX2DEC(GV13),4) | HN13: =DEC2BIN(HEX2DEC(GW13),4) | HO13: =DEC2BIN(HEX2DEC(GX13),4) | HP13: =DEC2BIN(HEX2DEC(GY13),4) | HQ13: =DEC2BIN(HEX2DEC(GZ13),4) | HR13: =DEC2BIN(HEX2DEC(HA13),4) | HS13: =DEC2BIN(HEX2DEC(HB13),4) | ... IA13: =DEC2BIN(HEX2DEC(HJ13),4) | IC13: =MID(HL13,1,1) | ID13: =MID(HL13,2,1) | IE13: =MID(HL13,3,1) | IF13: =MID(HL13,4,1) | IG13: =MID(HM13,1,1) | IH13: =MID(HM13,2,1) | II13: =MID(HM13,3,1) | IJ13: =MID(HM13,4,1) | IK13: =MID(HN13,1,1) | IL13: =MID(HN13,2,1) | IM13: =MID(HN13,3,1) | IN13: =MID(HN13,4,1) | IO13: =MID(HO13,1,1) | IP13: =MID(HO13,2,1) | IQ13: =MID(HO13,3,1) | IR13: =MID(HO13,4,1) | IS13: =MID(HP13,1,1) | IT13: =MID(HP13,2,1) | IU13: =MID(HP13,3,1) | IV13: =MID(HP13,4,1) | IW13: =MID(HQ13,1,1) | IX13: =MID(HQ13,2,1) | IY13: =MID(HQ13,3,1) | IZ13: =MID(HQ13,4,1) | JA13: =MID(HR13,1,1) | JB13: =MID(HR13,2,1) | JC13: =MID(HR13,3,1) | JD13: =MID(HR13,4,1) | JE13: =MID(HS13,1,1) | JF13: =MID(HS13,2,1) | JG13: =MID(HS13,3,1) | JH13: =MID(HS13,4,1) | JI13: =MID(HT13,1,1) | JJ13: =MID(HT13,2,1) | JK13: =MID(HT13,3,1) | JL13: =MID(HT13,4,1) | JM13: =MID(HU13,1,1) | JN13: =MID(HU13,2,1) | JO13: =MID(HU13,3,1) | JP13: =MID(HU13,4,1) | JQ13: =MID(HV13,1,1) | JR13: =MID(HV13,2,1) | JS13: =MID(HV13,3,1) | JT13: =MID(HV13,4,1) | JU13: =MID(HW13,1,1) | JV13: =MID(HW13,2,1) | JW13: =MID(HW13,3,1) | JX13: =MID(HW13,4,1) | JY13: =MID(HX13,1,1) | JZ13: =MID(HX13,2,1) | KA13: =MID(HX13,3,1) | KB13: =MID(HX13,4,1) | KC13: =MID(HY13,1,1) | KD13: =MID(HY13,2,1) | KE13: =MID(HY13,3,1) | KF13: =MID(HY13,4,1) | KG13: =MID(HZ13,1,1) | KH13: =MID(HZ13,2,1) | KI13: =MID(HZ13,3,1) | KJ13: =MID(HZ13,4,1) | KK13: =MID(IA13,1,1) | KL13: =MID(IA13,2,1) | KM13: =MID(IA13,3,1) | KN13: =MID(IA13,4,1) | KP13: F8F5FCDF49FB7EE6 | KQ13: =MID($KP13,1,1) | KR13: =MID($KP13,2,1) | KS13: =MID($KP13,3,1) | KT13: =MID($KP13,4,1) | KU13: =MID($KP13,5,1) | KV13: =MID($KP13,6,1) | KW13: =MID($KP13,7,1) | KX13: =MID($KP13,8,1) | KY13: =MID($KP13,9,1) | KZ13: =MID($KP13,10,1) | LA13: =MID($KP13,11,1) | LB13: =MID($KP13,12,1) | LC13: =MID($KP13,13,1) | LD13: =MID($KP13,14,1) | LE13: =MID($KP13,15,1) | LF13: =MID($KP13,16,1) | LH13: =DEC2BIN(HEX2DEC(KQ13),4) | LI13: =DEC2BIN(HEX2DEC(KR13),4) | LJ13: =DEC2BIN(HEX2DEC(KS13),4) | LK13: =DEC2BIN(HEX2DEC(KT13),4) | LL13: =DEC2BIN(HEX2DEC(KU13),4) | LM13: =DEC2BIN(HEX2DEC(KV13),4) | LN13: =DEC2BIN(HEX2DEC(KW13),4) | LO13: =DEC2BIN(HEX2DEC(KX13),4) | ... LW13: =DEC2BIN(HEX2DEC(LF13),4) | LY13: =MID(LH13,1,1) | LZ13: =MID(LH13,2,1) | MA13: =MID(LH13,3,1) | MB13: =MID(LH13,4,1) | MC13: =MID(LI13,1,1) | MD13: =MID(LI13,2,1) | ME13: =MID(LI13,3,1) | MF13: =MID(LI13,4,1) | MG13: =MID(LJ13,1,1) | MH13: =MID(LJ13,2,1) | MI13: =MID(LJ13,3,1) | MJ13: =MID(LJ13,4,1) | MK13: =MID(LK13,1,1) | ML13: =MID(LK13,2,1) | MM13: =MID(LK13,3,1) | MN13: =MID(LK13,4,1) | MO13: =MID(LL13,1,1) | MP13: =MID(LL13,2,1) | MQ13: =MID(LL13,3,1) | MR13: =MID(LL13,4,1) | MS13: =MID(LM13,1,1) | MT13: =MID(LM13,2,1) | MU13: =MID(LM13,3,1) | MV13: =MID(LM13,4,1) | MW13: =MID(LN13,1,1) | MX13: =MID(LN13,2,1) | MY13: =MID(LN13,3,1) | MZ13: =MID(LN13,4,1) | NA13: =MID(LO13,1,1) | NB13: =MID(LO13,2,1) | NC13: =MID(LO13,3,1) | ND13: =MID(LO13,4,1) | NE13: =MID(LP13,1,1) | NF13: =MID(LP13,2,1) | NG13: =MID(LP13,3,1) | NH13: =MID(LP13,4,1) | NI13: =MID(LQ13,1,1) | NJ13: =MID(LQ13,2,1) | NK13: =MID(LQ13,3,1) | NL13: =MID(LQ13,4,1) | NM13: =MID(LR13,1,1) | NN13: =MID(LR13,2,1) | NO13: =MID(LR13,3,1) | NP13: =MID(LR13,4,1) | NQ13: =MID(LS13,1,1) | NR13: =MID(LS13,2,1) | NS13: =MID(LS13,3,1) | NT13: =MID(LS13,4,1) | NU13: =MID(LT13,1,1) | NV13: =MID(LT13,2,1) | NW13: =MID(LT13,3,1) | NX13: =MID(LT13,4,1) | NY13: =MID(LU13,1,1) | NZ13: =MID(LU13,2,1) | OA13: =MID(LU13,3,1) | OB13: =MID(LU13,4,1) | OC13: =MID(LV13,1,1) | OD13: =MID(LV13,2,1) | OE13: =MID(LV13,3,1) | OF13: =MID(LV13,4,1) | OG13: =MID(LW13,1,1) | OH13: =MID(LW13,2,1) | OI13: =MID(LW13,3,1) | OJ13: =MID(LW13,4,1) | OL13: =MOD(IC13+LY13,2) | OM13: =MOD(ID13+LZ13,2) | ON13: =MOD(IE13+MA13,2) | OO13: =MOD(IF13+MB13,2) | OP13: =MOD(IG13+MC13,2) | OQ13: =MOD(IH13+MD13,2) | OR13: =MOD(II13+ME13,2) | OS13: =MOD(IJ13+MF13,2) | ... QW13: =MOD(KN13+OJ13,2) | QY13: =SUM(OL13:QW13)
A14: 123456ABCD132536 | B14: 12 | C14: =MID($A14,1,1) | D14: =MID($A14,2,1) | E14: =MID($A14,3,1) | F14: =MID($A14,4,1) | G14: =MID($A14,5,1) | H14: =MID($A14,6,1) | I14: =MID($A14,7,1) | J14: =MID($A14,8,1) | K14: =MID($A14,9,1) | L14: =MID($A14,10,1) | M14: =MID($A14,11,1) | N14: =MID($A14,12,1) | O14: =MID($A14,13,1) | P14: =MID($A14,14,1) | Q14: =MID($A14,15,1) | R14: =MID($A14,16,1) | T14: =DEC2BIN(HEX2DEC(C14),4) | U14: =DEC2BIN(HEX2DEC(D14),4) | V14: =DEC2BIN(HEX2DEC(E14),4) | W14: =DEC2BIN(HEX2DEC(F14),4) | X14: =DEC2BIN(HEX2DEC(G14),4) | Y14: =DEC2BIN(HEX2DEC(H14),4) | Z14: =DEC2BIN(HEX2DEC(I14),4) | AA14: =DEC2BIN(HEX2DEC(J14),4) | ... AI14: =DEC2BIN(HEX2DEC(R14),4) | AK14: =MID(T14,1,1) | AL14: =MID(T14,2,1) | AM14: =MID(T14,3,1) | AN14: =MID(T14,4,1) | AO14: =MID(U14,1,1) | AP14: =MID(U14,2,1) | AQ14: =MID(U14,3,1) | AR14: =MID(U14,4,1) | AS14: =MID(V14,1,1) | AT14: =MID(V14,2,1) | AU14: =MID(V14,3,1) | AV14: =MID(V14,4,1) | AW14: =MID(W14,1,1) | AX14: =MID(W14,2,1) | AY14: =MID(W14,3,1) | AZ14: =MID(W14,4,1) | BA14: =MID(X14,1,1) | BB14: =MID(X14,2,1) | BC14: =MID(X14,3,1) | BD14: =MID(X14,4,1) | BE14: =MID(Y14,1,1) | BF14: =MID(Y14,2,1) | BG14: =MID(Y14,3,1) | BH14: =MID(Y14,4,1) | BI14: =MID(Z14,1,1) | BJ14: =MID(Z14,2,1) | BK14: =MID(Z14,3,1) | BL14: =MID(Z14,4,1) | BM14: =MID(AA14,1,1) | BN14: =MID(AA14,2,1) | BO14: =MID(AA14,3,1) | BP14: =MID(AA14,4,1) | BQ14: =MID(AB14,1,1) | BR14: =MID(AB14,2,1) | BS14: =MID(AB14,3,1) | BT14: =MID(AB14,4,1) | BU14: =MID(AC14,1,1) | BV14: =MID(AC14,2,1) | BW14: =MID(AC14,3,1) | BX14: =MID(AC14,4,1) | BY14: =MID(AD14,1,1) | BZ14: =MID(AD14,2,1) | CA14: =MID(AD14,3,1) | CB14: =MID(AD14,4,1) | CC14: =MID(AE14,1,1) | CD14: =MID(AE14,2,1) | CE14: =MID(AE14,3,1) | CF14: =MID(AE14,4,1) | CG14: =MID(AF14,1,1) | CH14: =MID(AF14,2,1) | CI14: =MID(AF14,3,1) | CJ14: =MID(AF14,4,1) | CK14: =MID(AG14,1,1) | CL14: =MID(AG14,2,1) | CM14: =MID(AG14,3,1) | CN14: =MID(AG14,4,1) | CO14: =MID(AH14,1,1) | CP14: =MID(AH14,2,1) | CQ14: =MID(AH14,3,1) | CR14: =MID(AH14,4,1) | CS14: =MID(AI14,1,1) | CT14: =MID(AI14,2,1) | CU14: =MID(AI14,3,1) | CV14: =MID(AI14,4,1) | CX14: 122456ABCD132536 | CY14: =MID($CX14,1,1) | CZ14: =MID($CX14,2,1) | DA14: =MID($CX14,3,1) | DB14: =MID($CX14,4,1) | DC14: =MID($CX14,5,1) | DD14: =MID($CX14,6,1) | DE14: =MID($CX14,7,1) | DF14: =MID($CX14,8,1) | DG14: =MID($CX14,9,1) | DH14: =MID($CX14,10,1) | DI14: =MID($CX14,11,1) | DJ14: =MID($CX14,12,1) | DK14: =MID($CX14,13,1) | DL14: =MID($CX14,14,1) | DM14: =MID($CX14,15,1) | DN14: =MID($CX14,16,1) | DP14: =DEC2BIN(HEX2DEC(CY14),4) | DQ14: =DEC2BIN(HEX2DEC(CZ14),4) | DR14: =DEC2BIN(HEX2DEC(DA14),4) | DS14: =DEC2BIN(HEX2DEC(DB14),4) | DT14: =DEC2BIN(HEX2DEC(DC14),4) | DU14: =DEC2BIN(HEX2DEC(DD14),4) | DV14: =DEC2BIN(HEX2DEC(DE14),4) | DW14: =DEC2BIN(HEX2DEC(DF14),4) | ... EE14: =DEC2BIN(HEX2DEC(DN14),4) | EG14: =MID(DP14,1,1) | EH14: =MID(DP14,2,1) | EI14: =MID(DP14,3,1) | EJ14: =MID(DP14,4,1) | EK14: =MID(DQ14,1,1) | EL14: =MID(DQ14,2,1) | EM14: =MID(DQ14,3,1) | EN14: =MID(DQ14,4,1) | EO14: =MID(DR14,1,1) | EP14: =MID(DR14,2,1) | EQ14: =MID(DR14,3,1) | ER14: =MID(DR14,4,1) | ES14: =MID(DS14,1,1) | ET14: =MID(DS14,2,1) | EU14: =MID(DS14,3,1) | EV14: =MID(DS14,4,1) | EW14: =MID(DT14,1,1) | EX14: =MID(DT14,2,1) | EY14: =MID(DT14,3,1) | EZ14: =MID(DT14,4,1) | FA14: =MID(DU14,1,1) | FB14: =MID(DU14,2,1) | FC14: =MID(DU14,3,1) | FD14: =MID(DU14,4,1) | FE14: =MID(DV14,1,1) | FF14: =MID(DV14,2,1) | FG14: =MID(DV14,3,1) | FH14: =MID(DV14,4,1) | FI14: =MID(DW14,1,1) | FJ14: =MID(DW14,2,1) | FK14: =MID(DW14,3,1) | FL14: =MID(DW14,4,1) | FM14: =MID(DX14,1,1) | FN14: =MID(DX14,2,1) | FO14: =MID(DX14,3,1) | FP14: =MID(DX14,4,1) | FQ14: =MID(DY14,1,1) | FR14: =MID(DY14,2,1) | FS14: =MID(DY14,3,1) | FT14: =MID(DY14,4,1) | FU14: =MID(DZ14,1,1) | FV14: =MID(DZ14,2,1) | FW14: =MID(DZ14,3,1) | FX14: =MID(DZ14,4,1) | FY14: =MID(EA14,1,1) | FZ14: =MID(EA14,2,1) | GA14: =MID(EA14,3,1) | GB14: =MID(EA14,4,1) | GC14: =MID(EB14,1,1) | GD14: =MID(EB14,2,1) | GE14: =MID(EB14,3,1) | GF14: =MID(EB14,4,1) | GG14: =MID(EC14,1,1) | GH14: =MID(EC14,2,1) | GI14: =MID(EC14,3,1) | GJ14: =MID(EC14,4,1) | GK14: =MID(ED14,1,1) | GL14: =MID(ED14,2,1) | GM14: =MID(ED14,3,1) | GN14: =MID(ED14,4,1) | GO14: =MID(EE14,1,1) | GP14: =MID(EE14,2,1) | GQ14: =MID(EE14,3,1) | GR14: =MID(EE14,4,1) | GT14: C0B7A8D05F3A829C | GU14: =MID($GT14,1,1) | GV14: =MID($GT14,2,1) | GW14: =MID($GT14,3,1) | GX14: =MID($GT14,4,1) | GY14: =MID($GT14,5,1) | GZ14: =MID($GT14,6,1) | HA14: =MID($GT14,7,1) | HB14: =MID($GT14,8,1) | HC14: =MID($GT14,9,1) | HD14: =MID($GT14,10,1) | HE14: =MID($GT14,11,1) | HF14: =MID($GT14,12,1) | HG14: =MID($GT14,13,1) | HH14: =MID($GT14,14,1) | HI14: =MID($GT14,15,1) | HJ14: =MID($GT14,16,1) | HL14: =DEC2BIN(HEX2DEC(GU14),4) | HM14: =DEC2BIN(HEX2DEC(GV14),4) | HN14: =DEC2BIN(HEX2DEC(GW14),4) | HO14: =DEC2BIN(HEX2DEC(GX14),4) | HP14: =DEC2BIN(HEX2DEC(GY14),4) | HQ14: =DEC2BIN(HEX2DEC(GZ14),4) | HR14: =DEC2BIN(HEX2DEC(HA14),4) | HS14: =DEC2BIN(HEX2DEC(HB14),4) | ... IA14: =DEC2BIN(HEX2DEC(HJ14),4) | IC14: =MID(HL14,1,1) | ID14: =MID(HL14,2,1) | IE14: =MID(HL14,3,1) | IF14: =MID(HL14,4,1) | IG14: =MID(HM14,1,1) | IH14: =MID(HM14,2,1) | II14: =MID(HM14,3,1) | IJ14: =MID(HM14,4,1) | IK14: =MID(HN14,1,1) | IL14: =MID(HN14,2,1) | IM14: =MID(HN14,3,1) | IN14: =MID(HN14,4,1) | IO14: =MID(HO14,1,1) | IP14: =MID(HO14,2,1) | IQ14: =MID(HO14,3,1) | IR14: =MID(HO14,4,1) | IS14: =MID(HP14,1,1) | IT14: =MID(HP14,2,1) | IU14: =MID(HP14,3,1) | IV14: =MID(HP14,4,1) | IW14: =MID(HQ14,1,1) | IX14: =MID(HQ14,2,1) | IY14: =MID(HQ14,3,1) | IZ14: =MID(HQ14,4,1) | JA14: =MID(HR14,1,1) | JB14: =MID(HR14,2,1) | JC14: =MID(HR14,3,1) | JD14: =MID(HR14,4,1) | JE14: =MID(HS14,1,1) | JF14: =MID(HS14,2,1) | JG14: =MID(HS14,3,1) | JH14: =MID(HS14,4,1) | JI14: =MID(HT14,1,1) | JJ14: =MID(HT14,2,1) | JK14: =MID(HT14,3,1) | JL14: =MID(HT14,4,1) | JM14: =MID(HU14,1,1) | JN14: =MID(HU14,2,1) | JO14: =MID(HU14,3,1) | JP14: =MID(HU14,4,1) | JQ14: =MID(HV14,1,1) | JR14: =MID(HV14,2,1) | JS14: =MID(HV14,3,1) | JT14: =MID(HV14,4,1) | JU14: =MID(HW14,1,1) | JV14: =MID(HW14,2,1) | JW14: =MID(HW14,3,1) | JX14: =MID(HW14,4,1) | JY14: =MID(HX14,1,1) | JZ14: =MID(HX14,2,1) | KA14: =MID(HX14,3,1) | KB14: =MID(HX14,4,1) | KC14: =MID(HY14,1,1) | KD14: =MID(HY14,2,1) | KE14: =MID(HY14,3,1) | KF14: =MID(HY14,4,1) | KG14: =MID(HZ14,1,1) | KH14: =MID(HZ14,2,1) | KI14: =MID(HZ14,3,1) | KJ14: =MID(HZ14,4,1) | KK14: =MID(IA14,1,1) | KL14: =MID(IA14,2,1) | KM14: =MID(IA14,3,1) | KN14: =MID(IA14,4,1) | KP14: 6561711A93D4AEA8 | KQ14: =MID($KP14,1,1) | KR14: =MID($KP14,2,1) | KS14: =MID($KP14,3,1) | KT14: =MID($KP14,4,1) | KU14: =MID($KP14,5,1) | KV14: =MID($KP14,6,1) | KW14: =MID($KP14,7,1) | KX14: =MID($KP14,8,1) | KY14: =MID($KP14,9,1) | KZ14: =MID($KP14,10,1) | LA14: =MID($KP14,11,1) | LB14: =MID($KP14,12,1) | LC14: =MID($KP14,13,1) | LD14: =MID($KP14,14,1) | LE14: =MID($KP14,15,1) | LF14: =MID($KP14,16,1) | LH14: =DEC2BIN(HEX2DEC(KQ14),4) | LI14: =DEC2BIN(HEX2DEC(KR14),4) | LJ14: =DEC2BIN(HEX2DEC(KS14),4) | LK14: =DEC2BIN(HEX2DEC(KT14),4) | LL14: =DEC2BIN(HEX2DEC(KU14),4) | LM14: =DEC2BIN(HEX2DEC(KV14),4) | LN14: =DEC2BIN(HEX2DEC(KW14),4) | LO14: =DEC2BIN(HEX2DEC(KX14),4) | ... LW14: =DEC2BIN(HEX2DEC(LF14),4) | LY14: =MID(LH14,1,1) | LZ14: =MID(LH14,2,1) | MA14: =MID(LH14,3,1) | MB14: =MID(LH14,4,1) | MC14: =MID(LI14,1,1) | MD14: =MID(LI14,2,1) | ME14: =MID(LI14,3,1) | MF14: =MID(LI14,4,1) | MG14: =MID(LJ14,1,1) | MH14: =MID(LJ14,2,1) | MI14: =MID(LJ14,3,1) | MJ14: =MID(LJ14,4,1) | MK14: =MID(LK14,1,1) | ML14: =MID(LK14,2,1) | MM14: =MID(LK14,3,1) | MN14: =MID(LK14,4,1) | MO14: =MID(LL14,1,1) | MP14: =MID(LL14,2,1) | MQ14: =MID(LL14,3,1) | MR14: =MID(LL14,4,1) | MS14: =MID(LM14,1,1) | MT14: =MID(LM14,2,1) | MU14: =MID(LM14,3,1) | MV14: =MID(LM14,4,1) | MW14: =MID(LN14,1,1) | MX14: =MID(LN14,2,1) | MY14: =MID(LN14,3,1) | MZ14: =MID(LN14,4,1) | NA14: =MID(LO14,1,1) | NB14: =MID(LO14,2,1) | NC14: =MID(LO14,3,1) | ND14: =MID(LO14,4,1) | NE14: =MID(LP14,1,1) | NF14: =MID(LP14,2,1) | NG14: =MID(LP14,3,1) | NH14: =MID(LP14,4,1) | NI14: =MID(LQ14,1,1) | NJ14: =MID(LQ14,2,1) | NK14: =MID(LQ14,3,1) | NL14: =MID(LQ14,4,1) | NM14: =MID(LR14,1,1) | NN14: =MID(LR14,2,1) | NO14: =MID(LR14,3,1) | NP14: =MID(LR14,4,1) | NQ14: =MID(LS14,1,1) | NR14: =MID(LS14,2,1) | NS14: =MID(LS14,3,1) | NT14: =MID(LS14,4,1) | NU14: =MID(LT14,1,1) | NV14: =MID(LT14,2,1) | NW14: =MID(LT14,3,1) | NX14: =MID(LT14,4,1) | NY14: =MID(LU14,1,1) | NZ14: =MID(LU14,2,1) | OA14: =MID(LU14,3,1) | OB14: =MID(LU14,4,1) | OC14: =MID(LV14,1,1) | OD14: =MID(LV14,2,1) | OE14: =MID(LV14,3,1) | OF14: =MID(LV14,4,1) | OG14: =MID(LW14,1,1) | OH14: =MID(LW14,2,1) | OI14: =MID(LW14,3,1) | OJ14: =MID(LW14,4,1) | OL14: =MOD(IC14+LY14,2) | OM14: =MOD(ID14+LZ14,2) | ON14: =MOD(IE14+MA14,2) | OO14: =MOD(IF14+MB14,2) | OP14: =MOD(IG14+MC14,2) | OQ14: =MOD(IH14+MD14,2) | OR14: =MOD(II14+ME14,2) | OS14: =MOD(IJ14+MF14,2) | ... QW14: =MOD(KN14+OJ14,2) | QY14: =SUM(OL14:QW14)
... A66: 123456ABCD132536 | B66: 64 | C66: =MID($A66,1,1) | D66: =MID($A66,2,1) | E66: =MID($A66,3,1) | F66: =MID($A66,4,1) | G66: =MID($A66,5,1) | H66: =MID($A66,6,1) | I66: =MID($A66,7,1) | J66: =MID($A66,8,1) | K66: =MID($A66,9,1) | L66: =MID($A66,10,1) | M66: =MID($A66,11,1) | N66: =MID($A66,12,1) | O66: =MID($A66,13,1) | P66: =MID($A66,14,1) | Q66: =MID($A66,15,1) | R66: =MID($A66,16,1) | T66: =DEC2BIN(HEX2DEC(C66),4) | U66: =DEC2BIN(HEX2DEC(D66),4) | V66: =DEC2BIN(HEX2DEC(E66),4) | W66: =DEC2BIN(HEX2DEC(F66),4) | X66: =DEC2BIN(HEX2DEC(G66),4) | Y66: =DEC2BIN(HEX2DEC(H66),4) | Z66: =DEC2BIN(HEX2DEC(I66),4) | AA66: =DEC2BIN(HEX2DEC(J66),4) | ... AI66: =DEC2BIN(HEX2DEC(R66),4) | AK66: =MID(T66,1,1) | AL66: =MID(T66,2,1) | AM66: =MID(T66,3,1) | AN66: =MID(T66,4,1) | AO66: =MID(U66,1,1) | AP66: =MID(U66,2,1) | AQ66: =MID(U66,3,1) | AR66: =MID(U66,4,1) | AS66: =MID(V66,1,1) | AT66: =MID(V66,2,1) | AU66: =MID(V66,3,1) | AV66: =MID(V66,4,1) | AW66: =MID(W66,1,1) | AX66: =MID(W66,2,1) | AY66: =MID(W66,3,1) | AZ66: =MID(W66,4,1) | BA66: =MID(X66,1,1) | BB66: =MID(X66,2,1) | BC66: =MID(X66,3,1) | BD66: =MID(X66,4,1) | BE66: =MID(Y66,1,1) | BF66: =MID(Y66,2,1) | BG66: =MID(Y66,3,1) | BH66: =MID(Y66,4,1) | BI66: =MID(Z66,1,1) | BJ66: =MID(Z66,2,1) | BK66: =MID(Z66,3,1) | BL66: =MID(Z66,4,1) | BM66: =MID(AA66,1,1) | BN66: =MID(AA66,2,1) | BO66: =MID(AA66,3,1) | BP66: =MID(AA66,4,1) | BQ66: =MID(AB66,1,1) | BR66: =MID(AB66,2,1) | BS66: =MID(AB66,3,1) | BT66: =MID(AB66,4,1) | BU66: =MID(AC66,1,1) | BV66: =MID(AC66,2,1) | BW66: =MID(AC66,3,1) | BX66: =MID(AC66,4,1) | BY66: =MID(AD66,1,1) | BZ66: =MID(AD66,2,1) | CA66: =MID(AD66,3,1) | CB66: =MID(AD66,4,1) | CC66: =MID(AE66,1,1) | CD66: =MID(AE66,2,1) | CE66: =MID(AE66,3,1) | CF66: =MID(AE66,4,1) | CG66: =MID(AF66,1,1) | CH66: =MID(AF66,2,1) | CI66: =MID(AF66,3,1) | CJ66: =MID(AF66,4,1) | CK66: =MID(AG66,1,1) | CL66: =MID(AG66,2,1) | CM66: =MID(AG66,3,1) | CN66: =MID(AG66,4,1) | CO66: =MID(AH66,1,1) | CP66: =MID(AH66,2,1) | CQ66: =MID(AH66,3,1) | CR66: =MID(AH66,4,1) | CS66: =MID(AI66,1,1) | CT66: =MID(AI66,2,1) | CU66: =MID(AI66,3,1) | CV66: =MID(AI66,4,1) | CX66: 123456ABCD132537 | CY66: =MID($CX66,1,1) | CZ66: =MID($CX66,2,1) | DA66: =MID($CX66,3,1) | DB66: =MID($CX66,4,1) | DC66: =MID($CX66,5,1) | DD66: =MID($CX66,6,1) | DE66: =MID($CX66,7,1) | DF66: =MID($CX66,8,1) | DG66: =MID($CX66,9,1) | DH66: =MID($CX66,10,1) | DI66: =MID($CX66,11,1) | DJ66: =MID($CX66,12,1) | DK66: =MID($CX66,13,1) | DL66: =MID($CX66,14,1) | DM66: =MID($CX66,15,1) | DN66: =MID($CX66,16,1) | DP66: =DEC2BIN(HEX2DEC(CY66),4) | DQ66: =DEC2BIN(HEX2DEC(CZ66),4) | DR66: =DEC2BIN(HEX2DEC(DA66),4) | DS66: =DEC2BIN(HEX2DEC(DB66),4) | DT66: =DEC2BIN(HEX2DEC(DC66),4) | DU66: =DEC2BIN(HEX2DEC(DD66),4) | DV66: =DEC2BIN(HEX2DEC(DE66),4) | DW66: =DEC2BIN(HEX2DEC(DF66),4) | ... EE66: =DEC2BIN(HEX2DEC(DN66),4) | EG66: =MID(DP66,1,1) | EH66: =MID(DP66,2,1) | EI66: =MID(DP66,3,1) | EJ66: =MID(DP66,4,1) | EK66: =MID(DQ66,1,1) | EL66: =MID(DQ66,2,1) | EM66: =MID(DQ66,3,1) | EN66: =MID(DQ66,4,1) | EO66: =MID(DR66,1,1) | EP66: =MID(DR66,2,1) | EQ66: =MID(DR66,3,1) | ER66: =MID(DR66,4,1) | ES66: =MID(DS66,1,1) | ET66: =MID(DS66,2,1) | EU66: =MID(DS66,3,1) | EV66: =MID(DS66,4,1) | EW66: =MID(DT66,1,1) | EX66: =MID(DT66,2,1) | EY66: =MID(DT66,3,1) | EZ66: =MID(DT66,4,1) | FA66: =MID(DU66,1,1) | FB66: =MID(DU66,2,1) | FC66: =MID(DU66,3,1) | FD66: =MID(DU66,4,1) | FE66: =MID(DV66,1,1) | FF66: =MID(DV66,2,1) | FG66: =MID(DV66,3,1) | FH66: =MID(DV66,4,1) | FI66: =MID(DW66,1,1) | FJ66: =MID(DW66,2,1) | FK66: =MID(DW66,3,1) | FL66: =MID(DW66,4,1) | FM66: =MID(DX66,1,1) | FN66: =MID(DX66,2,1) | FO66: =MID(DX66,3,1) | FP66: =MID(DX66,4,1) | FQ66: =MID(DY66,1,1) | FR66: =MID(DY66,2,1) | FS66: =MID(DY66,3,1) | FT66: =MID(DY66,4,1) | FU66: =MID(DZ66,1,1) | FV66: =MID(DZ66,2,1) | FW66: =MID(DZ66,3,1) | FX66: =MID(DZ66,4,1) | FY66: =MID(EA66,1,1) | FZ66: =MID(EA66,2,1) | GA66: =MID(EA66,3,1) | GB66: =MID(EA66,4,1) | GC66: =MID(EB66,1,1) | GD66: =MID(EB66,2,1) | GE66: =MID(EB66,3,1) | GF66: =MID(EB66,4,1) | GG66: =MID(EC66,1,1) | GH66: =MID(EC66,2,1) | GI66: =MID(EC66,3,1) | GJ66: =MID(EC66,4,1) | GK66: =MID(ED66,1,1) | GL66: =MID(ED66,2,1) | GM66: =MID(ED66,3,1) | GN66: =MID(ED66,4,1) | GO66: =MID(EE66,1,1) | GP66: =MID(EE66,2,1) | GQ66: =MID(EE66,3,1) | GR66: =MID(EE66,4,1) | GT66: C0B7A8D05F3A829C | GU66: =MID($GT66,1,1) | GV66: =MID($GT66,2,1) | GW66: =MID($GT66,3,1) | GX66: =MID($GT66,4,1) | GY66: =MID($GT66,5,1) | GZ66: =MID($GT66,6,1) | HA66: =MID($GT66,7,1) | HB66: =MID($GT66,8,1) | HC66: =MID($GT66,9,1) | HD66: =MID($GT66,10,1) | HE66: =MID($GT66,11,1) | HF66: =MID($GT66,12,1) | HG66: =MID($GT66,13,1) | HH66: =MID($GT66,14,1) | HI66: =MID($GT66,15,1) | HJ66: =MID($GT66,16,1) | HL66: =DEC2BIN(HEX2DEC(GU66),4) | HM66: =DEC2BIN(HEX2DEC(GV66),4) | HN66: =DEC2BIN(HEX2DEC(GW66),4) | HO66: =DEC2BIN(HEX2DEC(GX66),4) | HP66: =DEC2BIN(HEX2DEC(GY66),4) | HQ66: =DEC2BIN(HEX2DEC(GZ66),4) | HR66: =DEC2BIN(HEX2DEC(HA66),4) | HS66: =DEC2BIN(HEX2DEC(HB66),4) | ... IA66: =DEC2BIN(HEX2DEC(HJ66),4) | IC66: =MID(HL66,1,1) | ID66: =MID(HL66,2,1) | IE66: =MID(HL66,3,1) | IF66: =MID(HL66,4,1) | IG66: =MID(HM66,1,1) | IH66: =MID(HM66,2,1) | II66: =MID(HM66,3,1) | IJ66: =MID(HM66,4,1) | IK66: =MID(HN66,1,1) | IL66: =MID(HN66,2,1) | IM66: =MID(HN66,3,1) | IN66: =MID(HN66,4,1) | IO66: =MID(HO66,1,1) | IP66: =MID(HO66,2,1) | IQ66: =MID(HO66,3,1) | IR66: =MID(HO66,4,1) | IS66: =MID(HP66,1,1) | IT66: =MID(HP66,2,1) | IU66: =MID(HP66,3,1) | IV66: =MID(HP66,4,1) | IW66: =MID(HQ66,1,1) | IX66: =MID(HQ66,2,1) | IY66: =MID(HQ66,3,1) | IZ66: =MID(HQ66,4,1) | JA66: =MID(HR66,1,1) | JB66: =MID(HR66,2,1) | JC66: =MID(HR66,3,1) | JD66: =MID(HR66,4,1) | JE66: =MID(HS66,1,1) | JF66: =MID(HS66,2,1) | JG66: =MID(HS66,3,1) | JH66: =MID(HS66,4,1) | JI66: =MID(HT66,1,1) | JJ66: =MID(HT66,2,1) | JK66: =MID(HT66,3,1) | JL66: =MID(HT66,4,1) | JM66: =MID(HU66,1,1) | JN66: =MID(HU66,2,1) | JO66: =MID(HU66,3,1) | JP66: =MID(HU66,4,1) | JQ66: =MID(HV66,1,1) | JR66: =MID(HV66,2,1) | JS66: =MID(HV66,3,1) | JT66: =MID(HV66,4,1) | JU66: =MID(HW66,1,1) | JV66: =MID(HW66,2,1) | JW66: =MID(HW66,3,1) | JX66: =MID(HW66,4,1) | JY66: =MID(HX66,1,1) | JZ66: =MID(HX66,2,1) | KA66: =MID(HX66,3,1) | KB66: =MID(HX66,4,1) | KC66: =MID(HY66,1,1) | KD66: =MID(HY66,2,1) | KE66: =MID(HY66,3,1) | KF66: =MID(HY66,4,1) | KG66: =MID(HZ66,1,1) | KH66: =MID(HZ66,2,1) | KI66: =MID(HZ66,3,1) | KJ66: =MID(HZ66,4,1) | KK66: =MID(IA66,1,1) | KL66: =MID(IA66,2,1) | KM66: =MID(IA66,3,1) | KN66: =MID(IA66,4,1) | KP66: F334195281AF7BA9 | KQ66: =MID($KP66,1,1) | KR66: =MID($KP66,2,1) | KS66: =MID($KP66,3,1) | KT66: =MID($KP66,4,1) | KU66: =MID($KP66,5,1) | KV66: =MID($KP66,6,1) | KW66: =MID($KP66,7,1) | KX66: =MID($KP66,8,1) | KY66: =MID($KP66,9,1) | KZ66: =MID($KP66,10,1) | LA66: =MID($KP66,11,1) | LB66: =MID($KP66,12,1) | LC66: =MID($KP66,13,1) | LD66: =MID($KP66,14,1) | LE66: =MID($KP66,15,1) | LF66: =MID($KP66,16,1) | LH66: =DEC2BIN(HEX2DEC(KQ66),4) | LI66: =DEC2BIN(HEX2DEC(KR66),4) | LJ66: =DEC2BIN(HEX2DEC(KS66),4) | LK66: =DEC2BIN(HEX2DEC(KT66),4) | LL66: =DEC2BIN(HEX2DEC(KU66),4) | LM66: =DEC2BIN(HEX2DEC(KV66),4) | LN66: =DEC2BIN(HEX2DEC(KW66),4) | LO66: =DEC2BIN(HEX2DEC(KX66),4) | ... LW66: =DEC2BIN(HEX2DEC(LF66),4) | LY66: =MID(LH66,1,1) | LZ66: =MID(LH66,2,1) | MA66: =MID(LH66,3,1) | MB66: =MID(LH66,4,1) | MC66: =MID(LI66,1,1) | MD66: =MID(LI66,2,1) | ME66: =MID(LI66,3,1) | MF66: =MID(LI66,4,1) | MG66: =MID(LJ66,1,1) | MH66: =MID(LJ66,2,1) | MI66: =MID(LJ66,3,1) | MJ66: =MID(LJ66,4,1) | MK66: =MID(LK66,1,1) | ML66: =MID(LK66,2,1) | MM66: =MID(LK66,3,1) | MN66: =MID(LK66,4,1) | MO66: =MID(LL66,1,1) | MP66: =MID(LL66,2,1) | MQ66: =MID(LL66,3,1) | MR66: =MID(LL66,4,1) | MS66: =MID(LM66,1,1) | MT66: =MID(LM66,2,1) | MU66: =MID(LM66,3,1) | MV66: =MID(LM66,4,1) | MW66: =MID(LN66,1,1) | MX66: =MID(LN66,2,1) | MY66: =MID(LN66,3,1) | MZ66: =MID(LN66,4,1) | NA66: =MID(LO66,1,1) | NB66: =MID(LO66,2,1) | NC66: =MID(LO66,3,1) | ND66: =MID(LO66,4,1) | NE66: =MID(LP66,1,1) | NF66: =MID(LP66,2,1) | NG66: =MID(LP66,3,1) | NH66: =MID(LP66,4,1) | NI66: =MID(LQ66,1,1) | NJ66: =MID(LQ66,2,1) | NK66: =MID(LQ66,3,1) | NL66: =MID(LQ66,4,1) | NM66: =MID(LR66,1,1) | NN66: =MID(LR66,2,1) | NO66: =MID(LR66,3,1) | NP66: =MID(LR66,4,1) | NQ66: =MID(LS66,1,1) | NR66: =MID(LS66,2,1) | NS66: =MID(LS66,3,1) | NT66: =MID(LS66,4,1) | NU66: =MID(LT66,1,1) | NV66: =MID(LT66,2,1) | NW66: =MID(LT66,3,1) | NX66: =MID(LT66,4,1) | NY66: =MID(LU66,1,1) | NZ66: =MID(LU66,2,1) | OA66: =MID(LU66,3,1) | OB66: =MID(LU66,4,1) | OC66: =MID(LV66,1,1) | OD66: =MID(LV66,2,1) | OE66: =MID(LV66,3,1) | OF66: =MID(LV66,4,1) | OG66: =MID(LW66,1,1) | OH66: =MID(LW66,2,1) | OI66: =MID(LW66,3,1) | OJ66: =MID(LW66,4,1) | OL66: =MOD(IC66+LY66,2) | OM66: =MOD(ID66+LZ66,2) | ON66: =MOD(IE66+MA66,2) | OO66: =MOD(IF66+MB66,2) | OP66: =MOD(IG66+MC66,2) | OQ66: =MOD(IH66+MD66,2) | OR66: =MOD(II66+ME66,2) | OS66: =MOD(IJ66+MF66,2) | ... QW66: =MOD(KN66+OJ66,2) | QY66: =SUM(OL66:QW66)

Sheet DES – Key Sensitivity
A1: Original Key | B1: Flipped Key Bit # | C1: Original Key (Hex) | T1: Original Key (4-bit) | AK1: Original Key (Bits) | CX1: Modified Key | CY1: Modified Key (Hex) | DP1: Modified Key (4-bit) | EG1: Modified Key (Bits) | GT1: Original Ciphertext | GU1: Original Ciphertext (Hex) | HL1: Original CT (4-bit) | IC1: Original CT (Bits) | KP1: Modified Ciphertext | KQ1: Modified Ciphertext (Hex) | LH1: Modified CT (4-bit) | LY1: Modified CT (Bits) | OL1: XOR (Orig CT ⊕ Mod CT bits) | QY1: Hamming Distance
T2: N1 | U2: N2 | V2: N3 | W2: N4 | X2: N5 | Y2: N6 | Z2: N7 | AA2: N8 | AB2: N9 | AC2: N10 | AD2: N11 | AE2: N12 | AF2: N13 | AG2: N14 | AH2: N15 | AI2: N16 | AK2: b1 | AL2: b2 | AM2: b3 | AN2: b4 | AO2: b5 | AP2: b6 | AQ2: b7 | AR2: b8 | AS2: b9 | AT2: b10 | AU2: b11 | AV2: b12 | AW2: b13 | AX2: b14 | AY2: b15 | AZ2: b16 | BA2: b17 | BB2: b18 | BC2: b19 | BD2: b20 | BE2: b21 | BF2: b22 | BG2: b23 | BH2: b24 | BI2: b25 | BJ2: b26 | BK2: b27 | BL2: b28 | BM2: b29 | BN2: b30 | BO2: b31 | BP2: b32 | BQ2: b33 | BR2: b34 | BS2: b35 | BT2: b36 | BU2: b37 | BV2: b38 | BW2: b39 | BX2: b40 | BY2: b41 | BZ2: b42 | CA2: b43 | CB2: b44 | CC2: b45 | CD2: b46 | CE2: b47 | CF2: b48 | CG2: b49 | CH2: b50 | CI2: b51 | CJ2: b52 | CK2: b53 | CL2: b54 | CM2: b55 | CN2: b56 | CO2: b57 | CP2: b58 | CQ2: b59 | CR2: b60 | CS2: b61 | CT2: b62 | CU2: b63 | CV2: b64 | DP2: N1 | DQ2: N2 | DR2: N3 | DS2: N4 | DT2: N5 | DU2: N6 | DV2: N7 | DW2: N8 | DX2: N9 | DY2: N10 | DZ2: N11 | EA2: N12 | EB2: N13 | EC2: N14 | ED2: N15 | EE2: N16 | EG2: b1 | EH2: b2 | EI2: b3 | EJ2: b4 | EK2: b5 | EL2: b6 | EM2: b7 | EN2: b8 | EO2: b9 | EP2: b10 | EQ2: b11 | ER2: b12 | ES2: b13 | ET2: b14 | EU2: b15 | EV2: b16 | EW2: b17 | EX2: b18 | EY2: b19 | EZ2: b20 | FA2: b21 | FB2: b22 | FC2: b23 | FD2: b24 | FE2: b25 | FF2: b26 | FG2: b27 | FH2: b28 | FI2: b29 | FJ2: b30 | FK2: b31 | FL2: b32 | FM2: b33 | FN2: b34 | FO2: b35 | FP2: b36 | FQ2: b37 | FR2: b38 | FS2: b39 | FT2: b40 | FU2: b41 | FV2: b42 | FW2: b43 | FX2: b44 | FY2: b45 | FZ2: b46 | GA2: b47 | GB2: b48 | GC2: b49 | GD2: b50 | GE2: b51 | GF2: b52 | GG2: b53 | GH2: b54 | GI2: b55 | GJ2: b56 | GK2: b57 | GL2: b58 | GM2: b59 | GN2: b60 | GO2: b61 | GP2: b62 | GQ2: b63 | GR2: b64 | HL2: N1 | HM2: N2 | HN2: N3 | HO2: N4 | HP2: N5 | HQ2: N6 | HR2: N7 | HS2: N8 | HT2: N9 | HU2: N10 | HV2: N11 | HW2: N12 | HX2: N13 | HY2: N14 | HZ2: N15 | IA2: N16 | IC2: b1 | ID2: b2 | IE2: b3 | IF2: b4 | IG2: b5 | IH2: b6 | II2: b7 | IJ2: b8 | IK2: b9 | IL2: b10 | IM2: b11 | IN2: b12 | IO2: b13 | IP2: b14 | IQ2: b15 | IR2: b16 | IS2: b17 | IT2: b18 | IU2: b19 | IV2: b20 | IW2: b21 | IX2: b22 | IY2: b23 | IZ2: b24 | JA2: b25 | JB2: b26 | JC2: b27 | JD2: b28 | JE2: b29 | JF2: b30 | JG2: b31 | JH2: b32 | JI2: b33 | JJ2: b34 | JK2: b35 | JL2: b36 | JM2: b37 | JN2: b38 | JO2: b39 | JP2: b40 | JQ2: b41 | JR2: b42 | JS2: b43 | JT2: b44 | JU2: b45 | JV2: b46 | JW2: b47 | JX2: b48 | JY2: b49 | JZ2: b50 | KA2: b51 | KB2: b52 | KC2: b53 | KD2: b54 | KE2: b55 | KF2: b56 | KG2: b57 | KH2: b58 | KI2: b59 | KJ2: b60 | KK2: b61 | KL2: b62 | KM2: b63 | KN2: b64 | LH2: N1 | LI2: N2 | LJ2: N3 | LK2: N4 | LL2: N5 | LM2: N6 | LN2: N7 | LO2: N8 | LP2: N9 | LQ2: N10 | LR2: N11 | LS2: N12 | LT2: N13 | LU2: N14 | LV2: N15 | LW2: N16 | LY2: b1 | LZ2: b2 | MA2: b3 | MB2: b4 | MC2: b5 | MD2: b6 | ME2: b7 | MF2: b8 | MG2: b9 | MH2: b10 | MI2: b11 | MJ2: b12 | MK2: b13 | ML2: b14 | MM2: b15 | MN2: b16 | MO2: b17 | MP2: b18 | MQ2: b19 | MR2: b20 | MS2: b21 | MT2: b22 | MU2: b23 | MV2: b24 | MW2: b25 | MX2: b26 | MY2: b27 | MZ2: b28 | NA2: b29 | NB2: b30 | NC2: b31 | ND2: b32 | NE2: b33 | NF2: b34 | NG2: b35 | NH2: b36 | NI2: b37 | NJ2: b38 | NK2: b39 | NL2: b40 | NM2: b41 | NN2: b42 | NO2: b43 | NP2: b44 | NQ2: b45 | NR2: b46 | NS2: b47 | NT2: b48 | NU2: b49 | NV2: b50 | NW2: b51 | NX2: b52 | NY2: b53 | NZ2: b54 | OA2: b55 | OB2: b56 | OC2: b57 | OD2: b58 | OE2: b59 | OF2: b60 | OG2: b61 | OH2: b62 | OI2: b63 | OJ2: b64 | OL2: b1 | OM2: b2 | ON2: b3 | OO2: b4 | OP2: b5 | OQ2: b6 | OR2: b7 | OS2: b8 | OT2: b9 | OU2: b10 | OV2: b11 | OW2: b12 | OX2: b13 | OY2: b14 | OZ2: b15 | PA2: b16 | PB2: b17 | PC2: b18 | PD2: b19 | PE2: b20 | PF2: b21 | PG2: b22 | PH2: b23 | PI2: b24 | PJ2: b25 | PK2: b26 | PL2: b27 | PM2: b28 | PN2: b29 | PO2: b30 | PP2: b31 | PQ2: b32 | PR2: b33 | PS2: b34 | PT2: b35 | PU2: b36 | PV2: b37 | PW2: b38 | PX2: b39 | PY2: b40 | PZ2: b41 | QA2: b42 | QB2: b43 | QC2: b44 | QD2: b45 | QE2: b46 | QF2: b47 | QG2: b48 | QH2: b49 | QI2: b50 | QJ2: b51 | QK2: b52 | QL2: b53 | QM2: b54 | QN2: b55 | QO2: b56 | QP2: b57 | QQ2: b58 | QR2: b59 | QS2: b60 | QT2: b61 | QU2: b62 | QV2: b63 | QW2: b64
A3: AABB09182736CCDD | B3: 1 | C3: =MID($A3,1,1) | D3: =MID($A3,2,1) | E3: =MID($A3,3,1) | F3: =MID($A3,4,1) | G3: =MID($A3,5,1) | H3: =MID($A3,6,1) | I3: =MID($A3,7,1) | J3: =MID($A3,8,1) | K3: =MID($A3,9,1) | L3: =MID($A3,10,1) | M3: =MID($A3,11,1) | N3: =MID($A3,12,1) | O3: =MID($A3,13,1) | P3: =MID($A3,14,1) | Q3: =MID($A3,15,1) | R3: =MID($A3,16,1) | T3: =DEC2BIN(HEX2DEC(C3),4) | U3: =DEC2BIN(HEX2DEC(D3),4) | V3: =DEC2BIN(HEX2DEC(E3),4) | W3: =DEC2BIN(HEX2DEC(F3),4) | X3: =DEC2BIN(HEX2DEC(G3),4) | Y3: =DEC2BIN(HEX2DEC(H3),4) | Z3: =DEC2BIN(HEX2DEC(I3),4) | AA3: =DEC2BIN(HEX2DEC(J3),4) | ... AI3: =DEC2BIN(HEX2DEC(R3),4) | AK3: =MID(T3,1,1) | AL3: =MID(T3,2,1) | AM3: =MID(T3,3,1) | AN3: =MID(T3,4,1) | AO3: =MID(U3,1,1) | AP3: =MID(U3,2,1) | AQ3: =MID(U3,3,1) | AR3: =MID(U3,4,1) | AS3: =MID(V3,1,1) | AT3: =MID(V3,2,1) | AU3: =MID(V3,3,1) | AV3: =MID(V3,4,1) | AW3: =MID(W3,1,1) | AX3: =MID(W3,2,1) | AY3: =MID(W3,3,1) | AZ3: =MID(W3,4,1) | BA3: =MID(X3,1,1) | BB3: =MID(X3,2,1) | BC3: =MID(X3,3,1) | BD3: =MID(X3,4,1) | BE3: =MID(Y3,1,1) | BF3: =MID(Y3,2,1) | BG3: =MID(Y3,3,1) | BH3: =MID(Y3,4,1) | BI3: =MID(Z3,1,1) | BJ3: =MID(Z3,2,1) | BK3: =MID(Z3,3,1) | BL3: =MID(Z3,4,1) | BM3: =MID(AA3,1,1) | BN3: =MID(AA3,2,1) | BO3: =MID(AA3,3,1) | BP3: =MID(AA3,4,1) | BQ3: =MID(AB3,1,1) | BR3: =MID(AB3,2,1) | BS3: =MID(AB3,3,1) | BT3: =MID(AB3,4,1) | BU3: =MID(AC3,1,1) | BV3: =MID(AC3,2,1) | BW3: =MID(AC3,3,1) | BX3: =MID(AC3,4,1) | BY3: =MID(AD3,1,1) | BZ3: =MID(AD3,2,1) | CA3: =MID(AD3,3,1) | CB3: =MID(AD3,4,1) | CC3: =MID(AE3,1,1) | CD3: =MID(AE3,2,1) | CE3: =MID(AE3,3,1) | CF3: =MID(AE3,4,1) | CG3: =MID(AF3,1,1) | CH3: =MID(AF3,2,1) | CI3: =MID(AF3,3,1) | CJ3: =MID(AF3,4,1) | CK3: =MID(AG3,1,1) | CL3: =MID(AG3,2,1) | CM3: =MID(AG3,3,1) | CN3: =MID(AG3,4,1) | CO3: =MID(AH3,1,1) | CP3: =MID(AH3,2,1) | CQ3: =MID(AH3,3,1) | CR3: =MID(AH3,4,1) | CS3: =MID(AI3,1,1) | CT3: =MID(AI3,2,1) | CU3: =MID(AI3,3,1) | CV3: =MID(AI3,4,1) | CX3: 2ABB09182736CCDD | CY3: =MID($CX3,1,1) | CZ3: =MID($CX3,2,1) | DA3: =MID($CX3,3,1) | DB3: =MID($CX3,4,1) | DC3: =MID($CX3,5,1) | DD3: =MID($CX3,6,1) | DE3: =MID($CX3,7,1) | DF3: =MID($CX3,8,1) | DG3: =MID($CX3,9,1) | DH3: =MID($CX3,10,1) | DI3: =MID($CX3,11,1) | DJ3: =MID($CX3,12,1) | DK3: =MID($CX3,13,1) | DL3: =MID($CX3,14,1) | DM3: =MID($CX3,15,1) | DN3: =MID($CX3,16,1) | DP3: =DEC2BIN(HEX2DEC(CY3),4) | DQ3: =DEC2BIN(HEX2DEC(CZ3),4) | DR3: =DEC2BIN(HEX2DEC(DA3),4) | DS3: =DEC2BIN(HEX2DEC(DB3),4) | DT3: =DEC2BIN(HEX2DEC(DC3),4) | DU3: =DEC2BIN(HEX2DEC(DD3),4) | DV3: =DEC2BIN(HEX2DEC(DE3),4) | DW3: =DEC2BIN(HEX2DEC(DF3),4) | ... EE3: =DEC2BIN(HEX2DEC(DN3),4) | EG3: =MID(DP3,1,1) | EH3: =MID(DP3,2,1) | EI3: =MID(DP3,3,1) | EJ3: =MID(DP3,4,1) | EK3: =MID(DQ3,1,1) | EL3: =MID(DQ3,2,1) | EM3: =MID(DQ3,3,1) | EN3: =MID(DQ3,4,1) | EO3: =MID(DR3,1,1) | EP3: =MID(DR3,2,1) | EQ3: =MID(DR3,3,1) | ER3: =MID(DR3,4,1) | ES3: =MID(DS3,1,1) | ET3: =MID(DS3,2,1) | EU3: =MID(DS3,3,1) | EV3: =MID(DS3,4,1) | EW3: =MID(DT3,1,1) | EX3: =MID(DT3,2,1) | EY3: =MID(DT3,3,1) | EZ3: =MID(DT3,4,1) | FA3: =MID(DU3,1,1) | FB3: =MID(DU3,2,1) | FC3: =MID(DU3,3,1) | FD3: =MID(DU3,4,1) | FE3: =MID(DV3,1,1) | FF3: =MID(DV3,2,1) | FG3: =MID(DV3,3,1) | FH3: =MID(DV3,4,1) | FI3: =MID(DW3,1,1) | FJ3: =MID(DW3,2,1) | FK3: =MID(DW3,3,1) | FL3: =MID(DW3,4,1) | FM3: =MID(DX3,1,1) | FN3: =MID(DX3,2,1) | FO3: =MID(DX3,3,1) | FP3: =MID(DX3,4,1) | FQ3: =MID(DY3,1,1) | FR3: =MID(DY3,2,1) | FS3: =MID(DY3,3,1) | FT3: =MID(DY3,4,1) | FU3: =MID(DZ3,1,1) | FV3: =MID(DZ3,2,1) | FW3: =MID(DZ3,3,1) | FX3: =MID(DZ3,4,1) | FY3: =MID(EA3,1,1) | FZ3: =MID(EA3,2,1) | GA3: =MID(EA3,3,1) | GB3: =MID(EA3,4,1) | GC3: =MID(EB3,1,1) | GD3: =MID(EB3,2,1) | GE3: =MID(EB3,3,1) | GF3: =MID(EB3,4,1) | GG3: =MID(EC3,1,1) | GH3: =MID(EC3,2,1) | GI3: =MID(EC3,3,1) | GJ3: =MID(EC3,4,1) | GK3: =MID(ED3,1,1) | GL3: =MID(ED3,2,1) | GM3: =MID(ED3,3,1) | GN3: =MID(ED3,4,1) | GO3: =MID(EE3,1,1) | GP3: =MID(EE3,2,1) | GQ3: =MID(EE3,3,1) | GR3: =MID(EE3,4,1) | GT3: C0B7A8D05F3A829C | GU3: =MID($GT3,1,1) | GV3: =MID($GT3,2,1) | GW3: =MID($GT3,3,1) | GX3: =MID($GT3,4,1) | GY3: =MID($GT3,5,1) | GZ3: =MID($GT3,6,1) | HA3: =MID($GT3,7,1) | HB3: =MID($GT3,8,1) | HC3: =MID($GT3,9,1) | HD3: =MID($GT3,10,1) | HE3: =MID($GT3,11,1) | HF3: =MID($GT3,12,1) | HG3: =MID($GT3,13,1) | HH3: =MID($GT3,14,1) | HI3: =MID($GT3,15,1) | HJ3: =MID($GT3,16,1) | HL3: =DEC2BIN(HEX2DEC(GU3),4) | HM3: =DEC2BIN(HEX2DEC(GV3),4) | HN3: =DEC2BIN(HEX2DEC(GW3),4) | HO3: =DEC2BIN(HEX2DEC(GX3),4) | HP3: =DEC2BIN(HEX2DEC(GY3),4) | HQ3: =DEC2BIN(HEX2DEC(GZ3),4) | HR3: =DEC2BIN(HEX2DEC(HA3),4) | HS3: =DEC2BIN(HEX2DEC(HB3),4) | ... IA3: =DEC2BIN(HEX2DEC(HJ3),4) | IC3: =MID(HL3,1,1) | ID3: =MID(HL3,2,1) | IE3: =MID(HL3,3,1) | IF3: =MID(HL3,4,1) | IG3: =MID(HM3,1,1) | IH3: =MID(HM3,2,1) | II3: =MID(HM3,3,1) | IJ3: =MID(HM3,4,1) | IK3: =MID(HN3,1,1) | IL3: =MID(HN3,2,1) | IM3: =MID(HN3,3,1) | IN3: =MID(HN3,4,1) | IO3: =MID(HO3,1,1) | IP3: =MID(HO3,2,1) | IQ3: =MID(HO3,3,1) | IR3: =MID(HO3,4,1) | IS3: =MID(HP3,1,1) | IT3: =MID(HP3,2,1) | IU3: =MID(HP3,3,1) | IV3: =MID(HP3,4,1) | IW3: =MID(HQ3,1,1) | IX3: =MID(HQ3,2,1) | IY3: =MID(HQ3,3,1) | IZ3: =MID(HQ3,4,1) | JA3: =MID(HR3,1,1) | JB3: =MID(HR3,2,1) | JC3: =MID(HR3,3,1) | JD3: =MID(HR3,4,1) | JE3: =MID(HS3,1,1) | JF3: =MID(HS3,2,1) | JG3: =MID(HS3,3,1) | JH3: =MID(HS3,4,1) | JI3: =MID(HT3,1,1) | JJ3: =MID(HT3,2,1) | JK3: =MID(HT3,3,1) | JL3: =MID(HT3,4,1) | JM3: =MID(HU3,1,1) | JN3: =MID(HU3,2,1) | JO3: =MID(HU3,3,1) | JP3: =MID(HU3,4,1) | JQ3: =MID(HV3,1,1) | JR3: =MID(HV3,2,1) | JS3: =MID(HV3,3,1) | JT3: =MID(HV3,4,1) | JU3: =MID(HW3,1,1) | JV3: =MID(HW3,2,1) | JW3: =MID(HW3,3,1) | JX3: =MID(HW3,4,1) | JY3: =MID(HX3,1,1) | JZ3: =MID(HX3,2,1) | KA3: =MID(HX3,3,1) | KB3: =MID(HX3,4,1) | KC3: =MID(HY3,1,1) | KD3: =MID(HY3,2,1) | KE3: =MID(HY3,3,1) | KF3: =MID(HY3,4,1) | KG3: =MID(HZ3,1,1) | KH3: =MID(HZ3,2,1) | KI3: =MID(HZ3,3,1) | KJ3: =MID(HZ3,4,1) | KK3: =MID(IA3,1,1) | KL3: =MID(IA3,2,1) | KM3: =MID(IA3,3,1) | KN3: =MID(IA3,4,1) | KP3: 501BEB222E20CF1C | KQ3: =MID($KP3,1,1) | KR3: =MID($KP3,2,1) | KS3: =MID($KP3,3,1) | KT3: =MID($KP3,4,1) | KU3: =MID($KP3,5,1) | KV3: =MID($KP3,6,1) | KW3: =MID($KP3,7,1) | KX3: =MID($KP3,8,1) | KY3: =MID($KP3,9,1) | KZ3: =MID($KP3,10,1) | LA3: =MID($KP3,11,1) | LB3: =MID($KP3,12,1) | LC3: =MID($KP3,13,1) | LD3: =MID($KP3,14,1) | LE3: =MID($KP3,15,1) | LF3: =MID($KP3,16,1) | LH3: =DEC2BIN(HEX2DEC(KQ3),4) | LI3: =DEC2BIN(HEX2DEC(KR3),4) | LJ3: =DEC2BIN(HEX2DEC(KS3),4) | LK3: =DEC2BIN(HEX2DEC(KT3),4) | LL3: =DEC2BIN(HEX2DEC(KU3),4) | LM3: =DEC2BIN(HEX2DEC(KV3),4) | LN3: =DEC2BIN(HEX2DEC(KW3),4) | LO3: =DEC2BIN(HEX2DEC(KX3),4) | ... LW3: =DEC2BIN(HEX2DEC(LF3),4) | LY3: =MID(LH3,1,1) | LZ3: =MID(LH3,2,1) | MA3: =MID(LH3,3,1) | MB3: =MID(LH3,4,1) | MC3: =MID(LI3,1,1) | MD3: =MID(LI3,2,1) | ME3: =MID(LI3,3,1) | MF3: =MID(LI3,4,1) | MG3: =MID(LJ3,1,1) | MH3: =MID(LJ3,2,1) | MI3: =MID(LJ3,3,1) | MJ3: =MID(LJ3,4,1) | MK3: =MID(LK3,1,1) | ML3: =MID(LK3,2,1) | MM3: =MID(LK3,3,1) | MN3: =MID(LK3,4,1) | MO3: =MID(LL3,1,1) | MP3: =MID(LL3,2,1) | MQ3: =MID(LL3,3,1) | MR3: =MID(LL3,4,1) | MS3: =MID(LM3,1,1) | MT3: =MID(LM3,2,1) | MU3: =MID(LM3,3,1) | MV3: =MID(LM3,4,1) | MW3: =MID(LN3,1,1) | MX3: =MID(LN3,2,1) | MY3: =MID(LN3,3,1) | MZ3: =MID(LN3,4,1) | NA3: =MID(LO3,1,1) | NB3: =MID(LO3,2,1) | NC3: =MID(LO3,3,1) | ND3: =MID(LO3,4,1) | NE3: =MID(LP3,1,1) | NF3: =MID(LP3,2,1) | NG3: =MID(LP3,3,1) | NH3: =MID(LP3,4,1) | NI3: =MID(LQ3,1,1) | NJ3: =MID(LQ3,2,1) | NK3: =MID(LQ3,3,1) | NL3: =MID(LQ3,4,1) | NM3: =MID(LR3,1,1) | NN3: =MID(LR3,2,1) | NO3: =MID(LR3,3,1) | NP3: =MID(LR3,4,1) | NQ3: =MID(LS3,1,1) | NR3: =MID(LS3,2,1) | NS3: =MID(LS3,3,1) | NT3: =MID(LS3,4,1) | NU3: =MID(LT3,1,1) | NV3: =MID(LT3,2,1) | NW3: =MID(LT3,3,1) | NX3: =MID(LT3,4,1) | NY3: =MID(LU3,1,1) | NZ3: =MID(LU3,2,1) | OA3: =MID(LU3,3,1) | OB3: =MID(LU3,4,1) | OC3: =MID(LV3,1,1) | OD3: =MID(LV3,2,1) | OE3: =MID(LV3,3,1) | OF3: =MID(LV3,4,1) | OG3: =MID(LW3,1,1) | OH3: =MID(LW3,2,1) | OI3: =MID(LW3,3,1) | OJ3: =MID(LW3,4,1) | OL3: =MOD(IC3+LY3,2) | OM3: =MOD(ID3+LZ3,2) | ON3: =MOD(IE3+MA3,2) | OO3: =MOD(IF3+MB3,2) | OP3: =MOD(IG3+MC3,2) | OQ3: =MOD(IH3+MD3,2) | OR3: =MOD(II3+ME3,2) | OS3: =MOD(IJ3+MF3,2) | ... QW3: =MOD(KN3+OJ3,2) | QY3: =SUM(OL3:QW3)
A4: AABB09182736CCDD | B4: 2 | C4: =MID($A4,1,1) | D4: =MID($A4,2,1) | E4: =MID($A4,3,1) | F4: =MID($A4,4,1) | G4: =MID($A4,5,1) | H4: =MID($A4,6,1) | I4: =MID($A4,7,1) | J4: =MID($A4,8,1) | K4: =MID($A4,9,1) | L4: =MID($A4,10,1) | M4: =MID($A4,11,1) | N4: =MID($A4,12,1) | O4: =MID($A4,13,1) | P4: =MID($A4,14,1) | Q4: =MID($A4,15,1) | R4: =MID($A4,16,1) | T4: =DEC2BIN(HEX2DEC(C4),4) | U4: =DEC2BIN(HEX2DEC(D4),4) | V4: =DEC2BIN(HEX2DEC(E4),4) | W4: =DEC2BIN(HEX2DEC(F4),4) | X4: =DEC2BIN(HEX2DEC(G4),4) | Y4: =DEC2BIN(HEX2DEC(H4),4) | Z4: =DEC2BIN(HEX2DEC(I4),4) | AA4: =DEC2BIN(HEX2DEC(J4),4) | ... AI4: =DEC2BIN(HEX2DEC(R4),4) | AK4: =MID(T4,1,1) | AL4: =MID(T4,2,1) | AM4: =MID(T4,3,1) | AN4: =MID(T4,4,1) | AO4: =MID(U4,1,1) | AP4: =MID(U4,2,1) | AQ4: =MID(U4,3,1) | AR4: =MID(U4,4,1) | AS4: =MID(V4,1,1) | AT4: =MID(V4,2,1) | AU4: =MID(V4,3,1) | AV4: =MID(V4,4,1) | AW4: =MID(W4,1,1) | AX4: =MID(W4,2,1) | AY4: =MID(W4,3,1) | AZ4: =MID(W4,4,1) | BA4: =MID(X4,1,1) | BB4: =MID(X4,2,1) | BC4: =MID(X4,3,1) | BD4: =MID(X4,4,1) | BE4: =MID(Y4,1,1) | BF4: =MID(Y4,2,1) | BG4: =MID(Y4,3,1) | BH4: =MID(Y4,4,1) | BI4: =MID(Z4,1,1) | BJ4: =MID(Z4,2,1) | BK4: =MID(Z4,3,1) | BL4: =MID(Z4,4,1) | BM4: =MID(AA4,1,1) | BN4: =MID(AA4,2,1) | BO4: =MID(AA4,3,1) | BP4: =MID(AA4,4,1) | BQ4: =MID(AB4,1,1) | BR4: =MID(AB4,2,1) | BS4: =MID(AB4,3,1) | BT4: =MID(AB4,4,1) | BU4: =MID(AC4,1,1) | BV4: =MID(AC4,2,1) | BW4: =MID(AC4,3,1) | BX4: =MID(AC4,4,1) | BY4: =MID(AD4,1,1) | BZ4: =MID(AD4,2,1) | CA4: =MID(AD4,3,1) | CB4: =MID(AD4,4,1) | CC4: =MID(AE4,1,1) | CD4: =MID(AE4,2,1) | CE4: =MID(AE4,3,1) | CF4: =MID(AE4,4,1) | CG4: =MID(AF4,1,1) | CH4: =MID(AF4,2,1) | CI4: =MID(AF4,3,1) | CJ4: =MID(AF4,4,1) | CK4: =MID(AG4,1,1) | CL4: =MID(AG4,2,1) | CM4: =MID(AG4,3,1) | CN4: =MID(AG4,4,1) | CO4: =MID(AH4,1,1) | CP4: =MID(AH4,2,1) | CQ4: =MID(AH4,3,1) | CR4: =MID(AH4,4,1) | CS4: =MID(AI4,1,1) | CT4: =MID(AI4,2,1) | CU4: =MID(AI4,3,1) | CV4: =MID(AI4,4,1) | CX4: EABB09182736CCDD | CY4: =MID($CX4,1,1) | CZ4: =MID($CX4,2,1) | DA4: =MID($CX4,3,1) | DB4: =MID($CX4,4,1) | DC4: =MID($CX4,5,1) | DD4: =MID($CX4,6,1) | DE4: =MID($CX4,7,1) | DF4: =MID($CX4,8,1) | DG4: =MID($CX4,9,1) | DH4: =MID($CX4,10,1) | DI4: =MID($CX4,11,1) | DJ4: =MID($CX4,12,1) | DK4: =MID($CX4,13,1) | DL4: =MID($CX4,14,1) | DM4: =MID($CX4,15,1) | DN4: =MID($CX4,16,1) | DP4: =DEC2BIN(HEX2DEC(CY4),4) | DQ4: =DEC2BIN(HEX2DEC(CZ4),4) | DR4: =DEC2BIN(HEX2DEC(DA4),4) | DS4: =DEC2BIN(HEX2DEC(DB4),4) | DT4: =DEC2BIN(HEX2DEC(DC4),4) | DU4: =DEC2BIN(HEX2DEC(DD4),4) | DV4: =DEC2BIN(HEX2DEC(DE4),4) | DW4: =DEC2BIN(HEX2DEC(DF4),4) | ... EE4: =DEC2BIN(HEX2DEC(DN4),4) | EG4: =MID(DP4,1,1) | EH4: =MID(DP4,2,1) | EI4: =MID(DP4,3,1) | EJ4: =MID(DP4,4,1) | EK4: =MID(DQ4,1,1) | EL4: =MID(DQ4,2,1) | EM4: =MID(DQ4,3,1) | EN4: =MID(DQ4,4,1) | EO4: =MID(DR4,1,1) | EP4: =MID(DR4,2,1) | EQ4: =MID(DR4,3,1) | ER4: =MID(DR4,4,1) | ES4: =MID(DS4,1,1) | ET4: =MID(DS4,2,1) | EU4: =MID(DS4,3,1) | EV4: =MID(DS4,4,1) | EW4: =MID(DT4,1,1) | EX4: =MID(DT4,2,1) | EY4: =MID(DT4,3,1) | EZ4: =MID(DT4,4,1) | FA4: =MID(DU4,1,1) | FB4: =MID(DU4,2,1) | FC4: =MID(DU4,3,1) | FD4: =MID(DU4,4,1) | FE4: =MID(DV4,1,1) | FF4: =MID(DV4,2,1) | FG4: =MID(DV4,3,1) | FH4: =MID(DV4,4,1) | FI4: =MID(DW4,1,1) | FJ4: =MID(DW4,2,1) | FK4: =MID(DW4,3,1) | FL4: =MID(DW4,4,1) | FM4: =MID(DX4,1,1) | FN4: =MID(DX4,2,1) | FO4: =MID(DX4,3,1) | FP4: =MID(DX4,4,1) | FQ4: =MID(DY4,1,1) | FR4: =MID(DY4,2,1) | FS4: =MID(DY4,3,1) | FT4: =MID(DY4,4,1) | FU4: =MID(DZ4,1,1) | FV4: =MID(DZ4,2,1) | FW4: =MID(DZ4,3,1) | FX4: =MID(DZ4,4,1) | FY4: =MID(EA4,1,1) | FZ4: =MID(EA4,2,1) | GA4: =MID(EA4,3,1) | GB4: =MID(EA4,4,1) | GC4: =MID(EB4,1,1) | GD4: =MID(EB4,2,1) | GE4: =MID(EB4,3,1) | GF4: =MID(EB4,4,1) | GG4: =MID(EC4,1,1) | GH4: =MID(EC4,2,1) | GI4: =MID(EC4,3,1) | GJ4: =MID(EC4,4,1) | GK4: =MID(ED4,1,1) | GL4: =MID(ED4,2,1) | GM4: =MID(ED4,3,1) | GN4: =MID(ED4,4,1) | GO4: =MID(EE4,1,1) | GP4: =MID(EE4,2,1) | GQ4: =MID(EE4,3,1) | GR4: =MID(EE4,4,1) | GT4: C0B7A8D05F3A829C | GU4: =MID($GT4,1,1) | GV4: =MID($GT4,2,1) | GW4: =MID($GT4,3,1) | GX4: =MID($GT4,4,1) | GY4: =MID($GT4,5,1) | GZ4: =MID($GT4,6,1) | HA4: =MID($GT4,7,1) | HB4: =MID($GT4,8,1) | HC4: =MID($GT4,9,1) | HD4: =MID($GT4,10,1) | HE4: =MID($GT4,11,1) | HF4: =MID($GT4,12,1) | HG4: =MID($GT4,13,1) | HH4: =MID($GT4,14,1) | HI4: =MID($GT4,15,1) | HJ4: =MID($GT4,16,1) | HL4: =DEC2BIN(HEX2DEC(GU4),4) | HM4: =DEC2BIN(HEX2DEC(GV4),4) | HN4: =DEC2BIN(HEX2DEC(GW4),4) | HO4: =DEC2BIN(HEX2DEC(GX4),4) | HP4: =DEC2BIN(HEX2DEC(GY4),4) | HQ4: =DEC2BIN(HEX2DEC(GZ4),4) | HR4: =DEC2BIN(HEX2DEC(HA4),4) | HS4: =DEC2BIN(HEX2DEC(HB4),4) | ... IA4: =DEC2BIN(HEX2DEC(HJ4),4) | IC4: =MID(HL4,1,1) | ID4: =MID(HL4,2,1) | IE4: =MID(HL4,3,1) | IF4: =MID(HL4,4,1) | IG4: =MID(HM4,1,1) | IH4: =MID(HM4,2,1) | II4: =MID(HM4,3,1) | IJ4: =MID(HM4,4,1) | IK4: =MID(HN4,1,1) | IL4: =MID(HN4,2,1) | IM4: =MID(HN4,3,1) | IN4: =MID(HN4,4,1) | IO4: =MID(HO4,1,1) | IP4: =MID(HO4,2,1) | IQ4: =MID(HO4,3,1) | IR4: =MID(HO4,4,1) | IS4: =MID(HP4,1,1) | IT4: =MID(HP4,2,1) | IU4: =MID(HP4,3,1) | IV4: =MID(HP4,4,1) | IW4: =MID(HQ4,1,1) | IX4: =MID(HQ4,2,1) | IY4: =MID(HQ4,3,1) | IZ4: =MID(HQ4,4,1) | JA4: =MID(HR4,1,1) | JB4: =MID(HR4,2,1) | JC4: =MID(HR4,3,1) | JD4: =MID(HR4,4,1) | JE4: =MID(HS4,1,1) | JF4: =MID(HS4,2,1) | JG4: =MID(HS4,3,1) | JH4: =MID(HS4,4,1) | JI4: =MID(HT4,1,1) | JJ4: =MID(HT4,2,1) | JK4: =MID(HT4,3,1) | JL4: =MID(HT4,4,1) | JM4: =MID(HU4,1,1) | JN4: =MID(HU4,2,1) | JO4: =MID(HU4,3,1) | JP4: =MID(HU4,4,1) | JQ4: =MID(HV4,1,1) | JR4: =MID(HV4,2,1) | JS4: =MID(HV4,3,1) | JT4: =MID(HV4,4,1) | JU4: =MID(HW4,1,1) | JV4: =MID(HW4,2,1) | JW4: =MID(HW4,3,1) | JX4: =MID(HW4,4,1) | JY4: =MID(HX4,1,1) | JZ4: =MID(HX4,2,1) | KA4: =MID(HX4,3,1) | KB4: =MID(HX4,4,1) | KC4: =MID(HY4,1,1) | KD4: =MID(HY4,2,1) | KE4: =MID(HY4,3,1) | KF4: =MID(HY4,4,1) | KG4: =MID(HZ4,1,1) | KH4: =MID(HZ4,2,1) | KI4: =MID(HZ4,3,1) | KJ4: =MID(HZ4,4,1) | KK4: =MID(IA4,1,1) | KL4: =MID(IA4,2,1) | KM4: =MID(IA4,3,1) | KN4: =MID(IA4,4,1) | KP4: 0C21E3A68C21D07C | KQ4: =MID($KP4,1,1) | KR4: =MID($KP4,2,1) | KS4: =MID($KP4,3,1) | KT4: =MID($KP4,4,1) | KU4: =MID($KP4,5,1) | KV4: =MID($KP4,6,1) | KW4: =MID($KP4,7,1) | KX4: =MID($KP4,8,1) | KY4: =MID($KP4,9,1) | KZ4: =MID($KP4,10,1) | LA4: =MID($KP4,11,1) | LB4: =MID($KP4,12,1) | LC4: =MID($KP4,13,1) | LD4: =MID($KP4,14,1) | LE4: =MID($KP4,15,1) | LF4: =MID($KP4,16,1) | LH4: =DEC2BIN(HEX2DEC(KQ4),4) | LI4: =DEC2BIN(HEX2DEC(KR4),4) | LJ4: =DEC2BIN(HEX2DEC(KS4),4) | LK4: =DEC2BIN(HEX2DEC(KT4),4) | LL4: =DEC2BIN(HEX2DEC(KU4),4) | LM4: =DEC2BIN(HEX2DEC(KV4),4) | LN4: =DEC2BIN(HEX2DEC(KW4),4) | LO4: =DEC2BIN(HEX2DEC(KX4),4) | ... LW4: =DEC2BIN(HEX2DEC(LF4),4) | LY4: =MID(LH4,1,1) | LZ4: =MID(LH4,2,1) | MA4: =MID(LH4,3,1) | MB4: =MID(LH4,4,1) | MC4: =MID(LI4,1,1) | MD4: =MID(LI4,2,1) | ME4: =MID(LI4,3,1) | MF4: =MID(LI4,4,1) | MG4: =MID(LJ4,1,1) | MH4: =MID(LJ4,2,1) | MI4: =MID(LJ4,3,1) | MJ4: =MID(LJ4,4,1) | MK4: =MID(LK4,1,1) | ML4: =MID(LK4,2,1) | MM4: =MID(LK4,3,1) | MN4: =MID(LK4,4,1) | MO4: =MID(LL4,1,1) | MP4: =MID(LL4,2,1) | MQ4: =MID(LL4,3,1) | MR4: =MID(LL4,4,1) | MS4: =MID(LM4,1,1) | MT4: =MID(LM4,2,1) | MU4: =MID(LM4,3,1) | MV4: =MID(LM4,4,1) | MW4: =MID(LN4,1,1) | MX4: =MID(LN4,2,1) | MY4: =MID(LN4,3,1) | MZ4: =MID(LN4,4,1) | NA4: =MID(LO4,1,1) | NB4: =MID(LO4,2,1) | NC4: =MID(LO4,3,1) | ND4: =MID(LO4,4,1) | NE4: =MID(LP4,1,1) | NF4: =MID(LP4,2,1) | NG4: =MID(LP4,3,1) | NH4: =MID(LP4,4,1) | NI4: =MID(LQ4,1,1) | NJ4: =MID(LQ4,2,1) | NK4: =MID(LQ4,3,1) | NL4: =MID(LQ4,4,1) | NM4: =MID(LR4,1,1) | NN4: =MID(LR4,2,1) | NO4: =MID(LR4,3,1) | NP4: =MID(LR4,4,1) | NQ4: =MID(LS4,1,1) | NR4: =MID(LS4,2,1) | NS4: =MID(LS4,3,1) | NT4: =MID(LS4,4,1) | NU4: =MID(LT4,1,1) | NV4: =MID(LT4,2,1) | NW4: =MID(LT4,3,1) | NX4: =MID(LT4,4,1) | NY4: =MID(LU4,1,1) | NZ4: =MID(LU4,2,1) | OA4: =MID(LU4,3,1) | OB4: =MID(LU4,4,1) | OC4: =MID(LV4,1,1) | OD4: =MID(LV4,2,1) | OE4: =MID(LV4,3,1) | OF4: =MID(LV4,4,1) | OG4: =MID(LW4,1,1) | OH4: =MID(LW4,2,1) | OI4: =MID(LW4,3,1) | OJ4: =MID(LW4,4,1) | OL4: =MOD(IC4+LY4,2) | OM4: =MOD(ID4+LZ4,2) | ON4: =MOD(IE4+MA4,2) | OO4: =MOD(IF4+MB4,2) | OP4: =MOD(IG4+MC4,2) | OQ4: =MOD(IH4+MD4,2) | OR4: =MOD(II4+ME4,2) | OS4: =MOD(IJ4+MF4,2) | ... QW4: =MOD(KN4+OJ4,2) | QY4: =SUM(OL4:QW4)
A5: AABB09182736CCDD | B5: 3 | C5: =MID($A5,1,1) | D5: =MID($A5,2,1) | E5: =MID($A5,3,1) | F5: =MID($A5,4,1) | G5: =MID($A5,5,1) | H5: =MID($A5,6,1) | I5: =MID($A5,7,1) | J5: =MID($A5,8,1) | K5: =MID($A5,9,1) | L5: =MID($A5,10,1) | M5: =MID($A5,11,1) | N5: =MID($A5,12,1) | O5: =MID($A5,13,1) | P5: =MID($A5,14,1) | Q5: =MID($A5,15,1) | R5: =MID($A5,16,1) | T5: =DEC2BIN(HEX2DEC(C5),4) | U5: =DEC2BIN(HEX2DEC(D5),4) | V5: =DEC2BIN(HEX2DEC(E5),4) | W5: =DEC2BIN(HEX2DEC(F5),4) | X5: =DEC2BIN(HEX2DEC(G5),4) | Y5: =DEC2BIN(HEX2DEC(H5),4) | Z5: =DEC2BIN(HEX2DEC(I5),4) | AA5: =DEC2BIN(HEX2DEC(J5),4) | ... AI5: =DEC2BIN(HEX2DEC(R5),4) | AK5: =MID(T5,1,1) | AL5: =MID(T5,2,1) | AM5: =MID(T5,3,1) | AN5: =MID(T5,4,1) | AO5: =MID(U5,1,1) | AP5: =MID(U5,2,1) | AQ5: =MID(U5,3,1) | AR5: =MID(U5,4,1) | AS5: =MID(V5,1,1) | AT5: =MID(V5,2,1) | AU5: =MID(V5,3,1) | AV5: =MID(V5,4,1) | AW5: =MID(W5,1,1) | AX5: =MID(W5,2,1) | AY5: =MID(W5,3,1) | AZ5: =MID(W5,4,1) | BA5: =MID(X5,1,1) | BB5: =MID(X5,2,1) | BC5: =MID(X5,3,1) | BD5: =MID(X5,4,1) | BE5: =MID(Y5,1,1) | BF5: =MID(Y5,2,1) | BG5: =MID(Y5,3,1) | BH5: =MID(Y5,4,1) | BI5: =MID(Z5,1,1) | BJ5: =MID(Z5,2,1) | BK5: =MID(Z5,3,1) | BL5: =MID(Z5,4,1) | BM5: =MID(AA5,1,1) | BN5: =MID(AA5,2,1) | BO5: =MID(AA5,3,1) | BP5: =MID(AA5,4,1) | BQ5: =MID(AB5,1,1) | BR5: =MID(AB5,2,1) | BS5: =MID(AB5,3,1) | BT5: =MID(AB5,4,1) | BU5: =MID(AC5,1,1) | BV5: =MID(AC5,2,1) | BW5: =MID(AC5,3,1) | BX5: =MID(AC5,4,1) | BY5: =MID(AD5,1,1) | BZ5: =MID(AD5,2,1) | CA5: =MID(AD5,3,1) | CB5: =MID(AD5,4,1) | CC5: =MID(AE5,1,1) | CD5: =MID(AE5,2,1) | CE5: =MID(AE5,3,1) | CF5: =MID(AE5,4,1) | CG5: =MID(AF5,1,1) | CH5: =MID(AF5,2,1) | CI5: =MID(AF5,3,1) | CJ5: =MID(AF5,4,1) | CK5: =MID(AG5,1,1) | CL5: =MID(AG5,2,1) | CM5: =MID(AG5,3,1) | CN5: =MID(AG5,4,1) | CO5: =MID(AH5,1,1) | CP5: =MID(AH5,2,1) | CQ5: =MID(AH5,3,1) | CR5: =MID(AH5,4,1) | CS5: =MID(AI5,1,1) | CT5: =MID(AI5,2,1) | CU5: =MID(AI5,3,1) | CV5: =MID(AI5,4,1) | CX5: 8ABB09182736CCDD | CY5: =MID($CX5,1,1) | CZ5: =MID($CX5,2,1) | DA5: =MID($CX5,3,1) | DB5: =MID($CX5,4,1) | DC5: =MID($CX5,5,1) | DD5: =MID($CX5,6,1) | DE5: =MID($CX5,7,1) | DF5: =MID($CX5,8,1) | DG5: =MID($CX5,9,1) | DH5: =MID($CX5,10,1) | DI5: =MID($CX5,11,1) | DJ5: =MID($CX5,12,1) | DK5: =MID($CX5,13,1) | DL5: =MID($CX5,14,1) | DM5: =MID($CX5,15,1) | DN5: =MID($CX5,16,1) | DP5: =DEC2BIN(HEX2DEC(CY5),4) | DQ5: =DEC2BIN(HEX2DEC(CZ5),4) | DR5: =DEC2BIN(HEX2DEC(DA5),4) | DS5: =DEC2BIN(HEX2DEC(DB5),4) | DT5: =DEC2BIN(HEX2DEC(DC5),4) | DU5: =DEC2BIN(HEX2DEC(DD5),4) | DV5: =DEC2BIN(HEX2DEC(DE5),4) | DW5: =DEC2BIN(HEX2DEC(DF5),4) | ... EE5: =DEC2BIN(HEX2DEC(DN5),4) | EG5: =MID(DP5,1,1) | EH5: =MID(DP5,2,1) | EI5: =MID(DP5,3,1) | EJ5: =MID(DP5,4,1) | EK5: =MID(DQ5,1,1) | EL5: =MID(DQ5,2,1) | EM5: =MID(DQ5,3,1) | EN5: =MID(DQ5,4,1) | EO5: =MID(DR5,1,1) | EP5: =MID(DR5,2,1) | EQ5: =MID(DR5,3,1) | ER5: =MID(DR5,4,1) | ES5: =MID(DS5,1,1) | ET5: =MID(DS5,2,1) | EU5: =MID(DS5,3,1) | EV5: =MID(DS5,4,1) | EW5: =MID(DT5,1,1) | EX5: =MID(DT5,2,1) | EY5: =MID(DT5,3,1) | EZ5: =MID(DT5,4,1) | FA5: =MID(DU5,1,1) | FB5: =MID(DU5,2,1) | FC5: =MID(DU5,3,1) | FD5: =MID(DU5,4,1) | FE5: =MID(DV5,1,1) | FF5: =MID(DV5,2,1) | FG5: =MID(DV5,3,1) | FH5: =MID(DV5,4,1) | FI5: =MID(DW5,1,1) | FJ5: =MID(DW5,2,1) | FK5: =MID(DW5,3,1) | FL5: =MID(DW5,4,1) | FM5: =MID(DX5,1,1) | FN5: =MID(DX5,2,1) | FO5: =MID(DX5,3,1) | FP5: =MID(DX5,4,1) | FQ5: =MID(DY5,1,1) | FR5: =MID(DY5,2,1) | FS5: =MID(DY5,3,1) | FT5: =MID(DY5,4,1) | FU5: =MID(DZ5,1,1) | FV5: =MID(DZ5,2,1) | FW5: =MID(DZ5,3,1) | FX5: =MID(DZ5,4,1) | FY5: =MID(EA5,1,1) | FZ5: =MID(EA5,2,1) | GA5: =MID(EA5,3,1) | GB5: =MID(EA5,4,1) | GC5: =MID(EB5,1,1) | GD5: =MID(EB5,2,1) | GE5: =MID(EB5,3,1) | GF5: =MID(EB5,4,1) | GG5: =MID(EC5,1,1) | GH5: =MID(EC5,2,1) | GI5: =MID(EC5,3,1) | GJ5: =MID(EC5,4,1) | GK5: =MID(ED5,1,1) | GL5: =MID(ED5,2,1) | GM5: =MID(ED5,3,1) | GN5: =MID(ED5,4,1) | GO5: =MID(EE5,1,1) | GP5: =MID(EE5,2,1) | GQ5: =MID(EE5,3,1) | GR5: =MID(EE5,4,1) | GT5: C0B7A8D05F3A829C | GU5: =MID($GT5,1,1) | GV5: =MID($GT5,2,1) | GW5: =MID($GT5,3,1) | GX5: =MID($GT5,4,1) | GY5: =MID($GT5,5,1) | GZ5: =MID($GT5,6,1) | HA5: =MID($GT5,7,1) | HB5: =MID($GT5,8,1) | HC5: =MID($GT5,9,1) | HD5: =MID($GT5,10,1) | HE5: =MID($GT5,11,1) | HF5: =MID($GT5,12,1) | HG5: =MID($GT5,13,1) | HH5: =MID($GT5,14,1) | HI5: =MID($GT5,15,1) | HJ5: =MID($GT5,16,1) | HL5: =DEC2BIN(HEX2DEC(GU5),4) | HM5: =DEC2BIN(HEX2DEC(GV5),4) | HN5: =DEC2BIN(HEX2DEC(GW5),4) | HO5: =DEC2BIN(HEX2DEC(GX5),4) | HP5: =DEC2BIN(HEX2DEC(GY5),4) | HQ5: =DEC2BIN(HEX2DEC(GZ5),4) | HR5: =DEC2BIN(HEX2DEC(HA5),4) | HS5: =DEC2BIN(HEX2DEC(HB5),4) | ... IA5: =DEC2BIN(HEX2DEC(HJ5),4) | IC5: =MID(HL5,1,1) | ID5: =MID(HL5,2,1) | IE5: =MID(HL5,3,1) | IF5: =MID(HL5,4,1) | IG5: =MID(HM5,1,1) | IH5: =MID(HM5,2,1) | II5: =MID(HM5,3,1) | IJ5: =MID(HM5,4,1) | IK5: =MID(HN5,1,1) | IL5: =MID(HN5,2,1) | IM5: =MID(HN5,3,1) | IN5: =MID(HN5,4,1) | IO5: =MID(HO5,1,1) | IP5: =MID(HO5,2,1) | IQ5: =MID(HO5,3,1) | IR5: =MID(HO5,4,1) | IS5: =MID(HP5,1,1) | IT5: =MID(HP5,2,1) | IU5: =MID(HP5,3,1) | IV5: =MID(HP5,4,1) | IW5: =MID(HQ5,1,1) | IX5: =MID(HQ5,2,1) | IY5: =MID(HQ5,3,1) | IZ5: =MID(HQ5,4,1) | JA5: =MID(HR5,1,1) | JB5: =MID(HR5,2,1) | JC5: =MID(HR5,3,1) | JD5: =MID(HR5,4,1) | JE5: =MID(HS5,1,1) | JF5: =MID(HS5,2,1) | JG5: =MID(HS5,3,1) | JH5: =MID(HS5,4,1) | JI5: =MID(HT5,1,1) | JJ5: =MID(HT5,2,1) | JK5: =MID(HT5,3,1) | JL5: =MID(HT5,4,1) | JM5: =MID(HU5,1,1) | JN5: =MID(HU5,2,1) | JO5: =MID(HU5,3,1) | JP5: =MID(HU5,4,1) | JQ5: =MID(HV5,1,1) | JR5: =MID(HV5,2,1) | JS5: =MID(HV5,3,1) | JT5: =MID(HV5,4,1) | JU5: =MID(HW5,1,1) | JV5: =MID(HW5,2,1) | JW5: =MID(HW5,3,1) | JX5: =MID(HW5,4,1) | JY5: =MID(HX5,1,1) | JZ5: =MID(HX5,2,1) | KA5: =MID(HX5,3,1) | KB5: =MID(HX5,4,1) | KC5: =MID(HY5,1,1) | KD5: =MID(HY5,2,1) | KE5: =MID(HY5,3,1) | KF5: =MID(HY5,4,1) | KG5: =MID(HZ5,1,1) | KH5: =MID(HZ5,2,1) | KI5: =MID(HZ5,3,1) | KJ5: =MID(HZ5,4,1) | KK5: =MID(IA5,1,1) | KL5: =MID(IA5,2,1) | KM5: =MID(IA5,3,1) | KN5: =MID(IA5,4,1) | KP5: 716199D407C98748 | KQ5: =MID($KP5,1,1) | KR5: =MID($KP5,2,1) | KS5: =MID($KP5,3,1) | KT5: =MID($KP5,4,1) | KU5: =MID($KP5,5,1) | KV5: =MID($KP5,6,1) | KW5: =MID($KP5,7,1) | KX5: =MID($KP5,8,1) | KY5: =MID($KP5,9,1) | KZ5: =MID($KP5,10,1) | LA5: =MID($KP5,11,1) | LB5: =MID($KP5,12,1) | LC5: =MID($KP5,13,1) | LD5: =MID($KP5,14,1) | LE5: =MID($KP5,15,1) | LF5: =MID($KP5,16,1) | LH5: =DEC2BIN(HEX2DEC(KQ5),4) | LI5: =DEC2BIN(HEX2DEC(KR5),4) | LJ5: =DEC2BIN(HEX2DEC(KS5),4) | LK5: =DEC2BIN(HEX2DEC(KT5),4) | LL5: =DEC2BIN(HEX2DEC(KU5),4) | LM5: =DEC2BIN(HEX2DEC(KV5),4) | LN5: =DEC2BIN(HEX2DEC(KW5),4) | LO5: =DEC2BIN(HEX2DEC(KX5),4) | ... LW5: =DEC2BIN(HEX2DEC(LF5),4) | LY5: =MID(LH5,1,1) | LZ5: =MID(LH5,2,1) | MA5: =MID(LH5,3,1) | MB5: =MID(LH5,4,1) | MC5: =MID(LI5,1,1) | MD5: =MID(LI5,2,1) | ME5: =MID(LI5,3,1) | MF5: =MID(LI5,4,1) | MG5: =MID(LJ5,1,1) | MH5: =MID(LJ5,2,1) | MI5: =MID(LJ5,3,1) | MJ5: =MID(LJ5,4,1) | MK5: =MID(LK5,1,1) | ML5: =MID(LK5,2,1) | MM5: =MID(LK5,3,1) | MN5: =MID(LK5,4,1) | MO5: =MID(LL5,1,1) | MP5: =MID(LL5,2,1) | MQ5: =MID(LL5,3,1) | MR5: =MID(LL5,4,1) | MS5: =MID(LM5,1,1) | MT5: =MID(LM5,2,1) | MU5: =MID(LM5,3,1) | MV5: =MID(LM5,4,1) | MW5: =MID(LN5,1,1) | MX5: =MID(LN5,2,1) | MY5: =MID(LN5,3,1) | MZ5: =MID(LN5,4,1) | NA5: =MID(LO5,1,1) | NB5: =MID(LO5,2,1) | NC5: =MID(LO5,3,1) | ND5: =MID(LO5,4,1) | NE5: =MID(LP5,1,1) | NF5: =MID(LP5,2,1) | NG5: =MID(LP5,3,1) | NH5: =MID(LP5,4,1) | NI5: =MID(LQ5,1,1) | NJ5: =MID(LQ5,2,1) | NK5: =MID(LQ5,3,1) | NL5: =MID(LQ5,4,1) | NM5: =MID(LR5,1,1) | NN5: =MID(LR5,2,1) | NO5: =MID(LR5,3,1) | NP5: =MID(LR5,4,1) | NQ5: =MID(LS5,1,1) | NR5: =MID(LS5,2,1) | NS5: =MID(LS5,3,1) | NT5: =MID(LS5,4,1) | NU5: =MID(LT5,1,1) | NV5: =MID(LT5,2,1) | NW5: =MID(LT5,3,1) | NX5: =MID(LT5,4,1) | NY5: =MID(LU5,1,1) | NZ5: =MID(LU5,2,1) | OA5: =MID(LU5,3,1) | OB5: =MID(LU5,4,1) | OC5: =MID(LV5,1,1) | OD5: =MID(LV5,2,1) | OE5: =MID(LV5,3,1) | OF5: =MID(LV5,4,1) | OG5: =MID(LW5,1,1) | OH5: =MID(LW5,2,1) | OI5: =MID(LW5,3,1) | OJ5: =MID(LW5,4,1) | OL5: =MOD(IC5+LY5,2) | OM5: =MOD(ID5+LZ5,2) | ON5: =MOD(IE5+MA5,2) | OO5: =MOD(IF5+MB5,2) | OP5: =MOD(IG5+MC5,2) | OQ5: =MOD(IH5+MD5,2) | OR5: =MOD(II5+ME5,2) | OS5: =MOD(IJ5+MF5,2) | ... QW5: =MOD(KN5+OJ5,2) | QY5: =SUM(OL5:QW5)
A6: AABB09182736CCDD | B6: 4 | C6: =MID($A6,1,1) | D6: =MID($A6,2,1) | E6: =MID($A6,3,1) | F6: =MID($A6,4,1) | G6: =MID($A6,5,1) | H6: =MID($A6,6,1) | I6: =MID($A6,7,1) | J6: =MID($A6,8,1) | K6: =MID($A6,9,1) | L6: =MID($A6,10,1) | M6: =MID($A6,11,1) | N6: =MID($A6,12,1) | O6: =MID($A6,13,1) | P6: =MID($A6,14,1) | Q6: =MID($A6,15,1) | R6: =MID($A6,16,1) | T6: =DEC2BIN(HEX2DEC(C6),4) | U6: =DEC2BIN(HEX2DEC(D6),4) | V6: =DEC2BIN(HEX2DEC(E6),4) | W6: =DEC2BIN(HEX2DEC(F6),4) | X6: =DEC2BIN(HEX2DEC(G6),4) | Y6: =DEC2BIN(HEX2DEC(H6),4) | Z6: =DEC2BIN(HEX2DEC(I6),4) | AA6: =DEC2BIN(HEX2DEC(J6),4) | ... AI6: =DEC2BIN(HEX2DEC(R6),4) | AK6: =MID(T6,1,1) | AL6: =MID(T6,2,1) | AM6: =MID(T6,3,1) | AN6: =MID(T6,4,1) | AO6: =MID(U6,1,1) | AP6: =MID(U6,2,1) | AQ6: =MID(U6,3,1) | AR6: =MID(U6,4,1) | AS6: =MID(V6,1,1) | AT6: =MID(V6,2,1) | AU6: =MID(V6,3,1) | AV6: =MID(V6,4,1) | AW6: =MID(W6,1,1) | AX6: =MID(W6,2,1) | AY6: =MID(W6,3,1) | AZ6: =MID(W6,4,1) | BA6: =MID(X6,1,1) | BB6: =MID(X6,2,1) | BC6: =MID(X6,3,1) | BD6: =MID(X6,4,1) | BE6: =MID(Y6,1,1) | BF6: =MID(Y6,2,1) | BG6: =MID(Y6,3,1) | BH6: =MID(Y6,4,1) | BI6: =MID(Z6,1,1) | BJ6: =MID(Z6,2,1) | BK6: =MID(Z6,3,1) | BL6: =MID(Z6,4,1) | BM6: =MID(AA6,1,1) | BN6: =MID(AA6,2,1) | BO6: =MID(AA6,3,1) | BP6: =MID(AA6,4,1) | BQ6: =MID(AB6,1,1) | BR6: =MID(AB6,2,1) | BS6: =MID(AB6,3,1) | BT6: =MID(AB6,4,1) | BU6: =MID(AC6,1,1) | BV6: =MID(AC6,2,1) | BW6: =MID(AC6,3,1) | BX6: =MID(AC6,4,1) | BY6: =MID(AD6,1,1) | BZ6: =MID(AD6,2,1) | CA6: =MID(AD6,3,1) | CB6: =MID(AD6,4,1) | CC6: =MID(AE6,1,1) | CD6: =MID(AE6,2,1) | CE6: =MID(AE6,3,1) | CF6: =MID(AE6,4,1) | CG6: =MID(AF6,1,1) | CH6: =MID(AF6,2,1) | CI6: =MID(AF6,3,1) | CJ6: =MID(AF6,4,1) | CK6: =MID(AG6,1,1) | CL6: =MID(AG6,2,1) | CM6: =MID(AG6,3,1) | CN6: =MID(AG6,4,1) | CO6: =MID(AH6,1,1) | CP6: =MID(AH6,2,1) | CQ6: =MID(AH6,3,1) | CR6: =MID(AH6,4,1) | CS6: =MID(AI6,1,1) | CT6: =MID(AI6,2,1) | CU6: =MID(AI6,3,1) | CV6: =MID(AI6,4,1) | CX6: BABB09182736CCDD | CY6: =MID($CX6,1,1) | CZ6: =MID($CX6,2,1) | DA6: =MID($CX6,3,1) | DB6: =MID($CX6,4,1) | DC6: =MID($CX6,5,1) | DD6: =MID($CX6,6,1) | DE6: =MID($CX6,7,1) | DF6: =MID($CX6,8,1) | DG6: =MID($CX6,9,1) | DH6: =MID($CX6,10,1) | DI6: =MID($CX6,11,1) | DJ6: =MID($CX6,12,1) | DK6: =MID($CX6,13,1) | DL6: =MID($CX6,14,1) | DM6: =MID($CX6,15,1) | DN6: =MID($CX6,16,1) | DP6: =DEC2BIN(HEX2DEC(CY6),4) | DQ6: =DEC2BIN(HEX2DEC(CZ6),4) | DR6: =DEC2BIN(HEX2DEC(DA6),4) | DS6: =DEC2BIN(HEX2DEC(DB6),4) | DT6: =DEC2BIN(HEX2DEC(DC6),4) | DU6: =DEC2BIN(HEX2DEC(DD6),4) | DV6: =DEC2BIN(HEX2DEC(DE6),4) | DW6: =DEC2BIN(HEX2DEC(DF6),4) | ... EE6: =DEC2BIN(HEX2DEC(DN6),4) | EG6: =MID(DP6,1,1) | EH6: =MID(DP6,2,1) | EI6: =MID(DP6,3,1) | EJ6: =MID(DP6,4,1) | EK6: =MID(DQ6,1,1) | EL6: =MID(DQ6,2,1) | EM6: =MID(DQ6,3,1) | EN6: =MID(DQ6,4,1) | EO6: =MID(DR6,1,1) | EP6: =MID(DR6,2,1) | EQ6: =MID(DR6,3,1) | ER6: =MID(DR6,4,1) | ES6: =MID(DS6,1,1) | ET6: =MID(DS6,2,1) | EU6: =MID(DS6,3,1) | EV6: =MID(DS6,4,1) | EW6: =MID(DT6,1,1) | EX6: =MID(DT6,2,1) | EY6: =MID(DT6,3,1) | EZ6: =MID(DT6,4,1) | FA6: =MID(DU6,1,1) | FB6: =MID(DU6,2,1) | FC6: =MID(DU6,3,1) | FD6: =MID(DU6,4,1) | FE6: =MID(DV6,1,1) | FF6: =MID(DV6,2,1) | FG6: =MID(DV6,3,1) | FH6: =MID(DV6,4,1) | FI6: =MID(DW6,1,1) | FJ6: =MID(DW6,2,1) | FK6: =MID(DW6,3,1) | FL6: =MID(DW6,4,1) | FM6: =MID(DX6,1,1) | FN6: =MID(DX6,2,1) | FO6: =MID(DX6,3,1) | FP6: =MID(DX6,4,1) | FQ6: =MID(DY6,1,1) | FR6: =MID(DY6,2,1) | FS6: =MID(DY6,3,1) | FT6: =MID(DY6,4,1) | FU6: =MID(DZ6,1,1) | FV6: =MID(DZ6,2,1) | FW6: =MID(DZ6,3,1) | FX6: =MID(DZ6,4,1) | FY6: =MID(EA6,1,1) | FZ6: =MID(EA6,2,1) | GA6: =MID(EA6,3,1) | GB6: =MID(EA6,4,1) | GC6: =MID(EB6,1,1) | GD6: =MID(EB6,2,1) | GE6: =MID(EB6,3,1) | GF6: =MID(EB6,4,1) | GG6: =MID(EC6,1,1) | GH6: =MID(EC6,2,1) | GI6: =MID(EC6,3,1) | GJ6: =MID(EC6,4,1) | GK6: =MID(ED6,1,1) | GL6: =MID(ED6,2,1) | GM6: =MID(ED6,3,1) | GN6: =MID(ED6,4,1) | GO6: =MID(EE6,1,1) | GP6: =MID(EE6,2,1) | GQ6: =MID(EE6,3,1) | GR6: =MID(EE6,4,1) | GT6: C0B7A8D05F3A829C | GU6: =MID($GT6,1,1) | GV6: =MID($GT6,2,1) | GW6: =MID($GT6,3,1) | GX6: =MID($GT6,4,1) | GY6: =MID($GT6,5,1) | GZ6: =MID($GT6,6,1) | HA6: =MID($GT6,7,1) | HB6: =MID($GT6,8,1) | HC6: =MID($GT6,9,1) | HD6: =MID($GT6,10,1) | HE6: =MID($GT6,11,1) | HF6: =MID($GT6,12,1) | HG6: =MID($GT6,13,1) | HH6: =MID($GT6,14,1) | HI6: =MID($GT6,15,1) | HJ6: =MID($GT6,16,1) | HL6: =DEC2BIN(HEX2DEC(GU6),4) | HM6: =DEC2BIN(HEX2DEC(GV6),4) | HN6: =DEC2BIN(HEX2DEC(GW6),4) | HO6: =DEC2BIN(HEX2DEC(GX6),4) | HP6: =DEC2BIN(HEX2DEC(GY6),4) | HQ6: =DEC2BIN(HEX2DEC(GZ6),4) | HR6: =DEC2BIN(HEX2DEC(HA6),4) | HS6: =DEC2BIN(HEX2DEC(HB6),4) | ... IA6: =DEC2BIN(HEX2DEC(HJ6),4) | IC6: =MID(HL6,1,1) | ID6: =MID(HL6,2,1) | IE6: =MID(HL6,3,1) | IF6: =MID(HL6,4,1) | IG6: =MID(HM6,1,1) | IH6: =MID(HM6,2,1) | II6: =MID(HM6,3,1) | IJ6: =MID(HM6,4,1) | IK6: =MID(HN6,1,1) | IL6: =MID(HN6,2,1) | IM6: =MID(HN6,3,1) | IN6: =MID(HN6,4,1) | IO6: =MID(HO6,1,1) | IP6: =MID(HO6,2,1) | IQ6: =MID(HO6,3,1) | IR6: =MID(HO6,4,1) | IS6: =MID(HP6,1,1) | IT6: =MID(HP6,2,1) | IU6: =MID(HP6,3,1) | IV6: =MID(HP6,4,1) | IW6: =MID(HQ6,1,1) | IX6: =MID(HQ6,2,1) | IY6: =MID(HQ6,3,1) | IZ6: =MID(HQ6,4,1) | JA6: =MID(HR6,1,1) | JB6: =MID(HR6,2,1) | JC6: =MID(HR6,3,1) | JD6: =MID(HR6,4,1) | JE6: =MID(HS6,1,1) | JF6: =MID(HS6,2,1) | JG6: =MID(HS6,3,1) | JH6: =MID(HS6,4,1) | JI6: =MID(HT6,1,1) | JJ6: =MID(HT6,2,1) | JK6: =MID(HT6,3,1) | JL6: =MID(HT6,4,1) | JM6: =MID(HU6,1,1) | JN6: =MID(HU6,2,1) | JO6: =MID(HU6,3,1) | JP6: =MID(HU6,4,1) | JQ6: =MID(HV6,1,1) | JR6: =MID(HV6,2,1) | JS6: =MID(HV6,3,1) | JT6: =MID(HV6,4,1) | JU6: =MID(HW6,1,1) | JV6: =MID(HW6,2,1) | JW6: =MID(HW6,3,1) | JX6: =MID(HW6,4,1) | JY6: =MID(HX6,1,1) | JZ6: =MID(HX6,2,1) | KA6: =MID(HX6,3,1) | KB6: =MID(HX6,4,1) | KC6: =MID(HY6,1,1) | KD6: =MID(HY6,2,1) | KE6: =MID(HY6,3,1) | KF6: =MID(HY6,4,1) | KG6: =MID(HZ6,1,1) | KH6: =MID(HZ6,2,1) | KI6: =MID(HZ6,3,1) | KJ6: =MID(HZ6,4,1) | KK6: =MID(IA6,1,1) | KL6: =MID(IA6,2,1) | KM6: =MID(IA6,3,1) | KN6: =MID(IA6,4,1) | KP6: C6C5AACAA6D4B80C | KQ6: =MID($KP6,1,1) | KR6: =MID($KP6,2,1) | KS6: =MID($KP6,3,1) | KT6: =MID($KP6,4,1) | KU6: =MID($KP6,5,1) | KV6: =MID($KP6,6,1) | KW6: =MID($KP6,7,1) | KX6: =MID($KP6,8,1) | KY6: =MID($KP6,9,1) | KZ6: =MID($KP6,10,1) | LA6: =MID($KP6,11,1) | LB6: =MID($KP6,12,1) | LC6: =MID($KP6,13,1) | LD6: =MID($KP6,14,1) | LE6: =MID($KP6,15,1) | LF6: =MID($KP6,16,1) | LH6: =DEC2BIN(HEX2DEC(KQ6),4) | LI6: =DEC2BIN(HEX2DEC(KR6),4) | LJ6: =DEC2BIN(HEX2DEC(KS6),4) | LK6: =DEC2BIN(HEX2DEC(KT6),4) | LL6: =DEC2BIN(HEX2DEC(KU6),4) | LM6: =DEC2BIN(HEX2DEC(KV6),4) | LN6: =DEC2BIN(HEX2DEC(KW6),4) | LO6: =DEC2BIN(HEX2DEC(KX6),4) | ... LW6: =DEC2BIN(HEX2DEC(LF6),4) | LY6: =MID(LH6,1,1) | LZ6: =MID(LH6,2,1) | MA6: =MID(LH6,3,1) | MB6: =MID(LH6,4,1) | MC6: =MID(LI6,1,1) | MD6: =MID(LI6,2,1) | ME6: =MID(LI6,3,1) | MF6: =MID(LI6,4,1) | MG6: =MID(LJ6,1,1) | MH6: =MID(LJ6,2,1) | MI6: =MID(LJ6,3,1) | MJ6: =MID(LJ6,4,1) | MK6: =MID(LK6,1,1) | ML6: =MID(LK6,2,1) | MM6: =MID(LK6,3,1) | MN6: =MID(LK6,4,1) | MO6: =MID(LL6,1,1) | MP6: =MID(LL6,2,1) | MQ6: =MID(LL6,3,1) | MR6: =MID(LL6,4,1) | MS6: =MID(LM6,1,1) | MT6: =MID(LM6,2,1) | MU6: =MID(LM6,3,1) | MV6: =MID(LM6,4,1) | MW6: =MID(LN6,1,1) | MX6: =MID(LN6,2,1) | MY6: =MID(LN6,3,1) | MZ6: =MID(LN6,4,1) | NA6: =MID(LO6,1,1) | NB6: =MID(LO6,2,1) | NC6: =MID(LO6,3,1) | ND6: =MID(LO6,4,1) | NE6: =MID(LP6,1,1) | NF6: =MID(LP6,2,1) | NG6: =MID(LP6,3,1) | NH6: =MID(LP6,4,1) | NI6: =MID(LQ6,1,1) | NJ6: =MID(LQ6,2,1) | NK6: =MID(LQ6,3,1) | NL6: =MID(LQ6,4,1) | NM6: =MID(LR6,1,1) | NN6: =MID(LR6,2,1) | NO6: =MID(LR6,3,1) | NP6: =MID(LR6,4,1) | NQ6: =MID(LS6,1,1) | NR6: =MID(LS6,2,1) | NS6: =MID(LS6,3,1) | NT6: =MID(LS6,4,1) | NU6: =MID(LT6,1,1) | NV6: =MID(LT6,2,1) | NW6: =MID(LT6,3,1) | NX6: =MID(LT6,4,1) | NY6: =MID(LU6,1,1) | NZ6: =MID(LU6,2,1) | OA6: =MID(LU6,3,1) | OB6: =MID(LU6,4,1) | OC6: =MID(LV6,1,1) | OD6: =MID(LV6,2,1) | OE6: =MID(LV6,3,1) | OF6: =MID(LV6,4,1) | OG6: =MID(LW6,1,1) | OH6: =MID(LW6,2,1) | OI6: =MID(LW6,3,1) | OJ6: =MID(LW6,4,1) | OL6: =MOD(IC6+LY6,2) | OM6: =MOD(ID6+LZ6,2) | ON6: =MOD(IE6+MA6,2) | OO6: =MOD(IF6+MB6,2) | OP6: =MOD(IG6+MC6,2) | OQ6: =MOD(IH6+MD6,2) | OR6: =MOD(II6+ME6,2) | OS6: =MOD(IJ6+MF6,2) | ... QW6: =MOD(KN6+OJ6,2) | QY6: =SUM(OL6:QW6)
A7: AABB09182736CCDD | B7: 5 | C7: =MID($A7,1,1) | D7: =MID($A7,2,1) | E7: =MID($A7,3,1) | F7: =MID($A7,4,1) | G7: =MID($A7,5,1) | H7: =MID($A7,6,1) | I7: =MID($A7,7,1) | J7: =MID($A7,8,1) | K7: =MID($A7,9,1) | L7: =MID($A7,10,1) | M7: =MID($A7,11,1) | N7: =MID($A7,12,1) | O7: =MID($A7,13,1) | P7: =MID($A7,14,1) | Q7: =MID($A7,15,1) | R7: =MID($A7,16,1) | T7: =DEC2BIN(HEX2DEC(C7),4) | U7: =DEC2BIN(HEX2DEC(D7),4) | V7: =DEC2BIN(HEX2DEC(E7),4) | W7: =DEC2BIN(HEX2DEC(F7),4) | X7: =DEC2BIN(HEX2DEC(G7),4) | Y7: =DEC2BIN(HEX2DEC(H7),4) | Z7: =DEC2BIN(HEX2DEC(I7),4) | AA7: =DEC2BIN(HEX2DEC(J7),4) | ... AI7: =DEC2BIN(HEX2DEC(R7),4) | AK7: =MID(T7,1,1) | AL7: =MID(T7,2,1) | AM7: =MID(T7,3,1) | AN7: =MID(T7,4,1) | AO7: =MID(U7,1,1) | AP7: =MID(U7,2,1) | AQ7: =MID(U7,3,1) | AR7: =MID(U7,4,1) | AS7: =MID(V7,1,1) | AT7: =MID(V7,2,1) | AU7: =MID(V7,3,1) | AV7: =MID(V7,4,1) | AW7: =MID(W7,1,1) | AX7: =MID(W7,2,1) | AY7: =MID(W7,3,1) | AZ7: =MID(W7,4,1) | BA7: =MID(X7,1,1) | BB7: =MID(X7,2,1) | BC7: =MID(X7,3,1) | BD7: =MID(X7,4,1) | BE7: =MID(Y7,1,1) | BF7: =MID(Y7,2,1) | BG7: =MID(Y7,3,1) | BH7: =MID(Y7,4,1) | BI7: =MID(Z7,1,1) | BJ7: =MID(Z7,2,1) | BK7: =MID(Z7,3,1) | BL7: =MID(Z7,4,1) | BM7: =MID(AA7,1,1) | BN7: =MID(AA7,2,1) | BO7: =MID(AA7,3,1) | BP7: =MID(AA7,4,1) | BQ7: =MID(AB7,1,1) | BR7: =MID(AB7,2,1) | BS7: =MID(AB7,3,1) | BT7: =MID(AB7,4,1) | BU7: =MID(AC7,1,1) | BV7: =MID(AC7,2,1) | BW7: =MID(AC7,3,1) | BX7: =MID(AC7,4,1) | BY7: =MID(AD7,1,1) | BZ7: =MID(AD7,2,1) | CA7: =MID(AD7,3,1) | CB7: =MID(AD7,4,1) | CC7: =MID(AE7,1,1) | CD7: =MID(AE7,2,1) | CE7: =MID(AE7,3,1) | CF7: =MID(AE7,4,1) | CG7: =MID(AF7,1,1) | CH7: =MID(AF7,2,1) | CI7: =MID(AF7,3,1) | CJ7: =MID(AF7,4,1) | CK7: =MID(AG7,1,1) | CL7: =MID(AG7,2,1) | CM7: =MID(AG7,3,1) | CN7: =MID(AG7,4,1) | CO7: =MID(AH7,1,1) | CP7: =MID(AH7,2,1) | CQ7: =MID(AH7,3,1) | CR7: =MID(AH7,4,1) | CS7: =MID(AI7,1,1) | CT7: =MID(AI7,2,1) | CU7: =MID(AI7,3,1) | CV7: =MID(AI7,4,1) | CX7: A2BB09182736CCDD | CY7: =MID($CX7,1,1) | CZ7: =MID($CX7,2,1) | DA7: =MID($CX7,3,1) | DB7: =MID($CX7,4,1) | DC7: =MID($CX7,5,1) | DD7: =MID($CX7,6,1) | DE7: =MID($CX7,7,1) | DF7: =MID($CX7,8,1) | DG7: =MID($CX7,9,1) | DH7: =MID($CX7,10,1) | DI7: =MID($CX7,11,1) | DJ7: =MID($CX7,12,1) | DK7: =MID($CX7,13,1) | DL7: =MID($CX7,14,1) | DM7: =MID($CX7,15,1) | DN7: =MID($CX7,16,1) | DP7: =DEC2BIN(HEX2DEC(CY7),4) | DQ7: =DEC2BIN(HEX2DEC(CZ7),4) | DR7: =DEC2BIN(HEX2DEC(DA7),4) | DS7: =DEC2BIN(HEX2DEC(DB7),4) | DT7: =DEC2BIN(HEX2DEC(DC7),4) | DU7: =DEC2BIN(HEX2DEC(DD7),4) | DV7: =DEC2BIN(HEX2DEC(DE7),4) | DW7: =DEC2BIN(HEX2DEC(DF7),4) | ... EE7: =DEC2BIN(HEX2DEC(DN7),4) | EG7: =MID(DP7,1,1) | EH7: =MID(DP7,2,1) | EI7: =MID(DP7,3,1) | EJ7: =MID(DP7,4,1) | EK7: =MID(DQ7,1,1) | EL7: =MID(DQ7,2,1) | EM7: =MID(DQ7,3,1) | EN7: =MID(DQ7,4,1) | EO7: =MID(DR7,1,1) | EP7: =MID(DR7,2,1) | EQ7: =MID(DR7,3,1) | ER7: =MID(DR7,4,1) | ES7: =MID(DS7,1,1) | ET7: =MID(DS7,2,1) | EU7: =MID(DS7,3,1) | EV7: =MID(DS7,4,1) | EW7: =MID(DT7,1,1) | EX7: =MID(DT7,2,1) | EY7: =MID(DT7,3,1) | EZ7: =MID(DT7,4,1) | FA7: =MID(DU7,1,1) | FB7: =MID(DU7,2,1) | FC7: =MID(DU7,3,1) | FD7: =MID(DU7,4,1) | FE7: =MID(DV7,1,1) | FF7: =MID(DV7,2,1) | FG7: =MID(DV7,3,1) | FH7: =MID(DV7,4,1) | FI7: =MID(DW7,1,1) | FJ7: =MID(DW7,2,1) | FK7: =MID(DW7,3,1) | FL7: =MID(DW7,4,1) | FM7: =MID(DX7,1,1) | FN7: =MID(DX7,2,1) | FO7: =MID(DX7,3,1) | FP7: =MID(DX7,4,1) | FQ7: =MID(DY7,1,1) | FR7: =MID(DY7,2,1) | FS7: =MID(DY7,3,1) | FT7: =MID(DY7,4,1) | FU7: =MID(DZ7,1,1) | FV7: =MID(DZ7,2,1) | FW7: =MID(DZ7,3,1) | FX7: =MID(DZ7,4,1) | FY7: =MID(EA7,1,1) | FZ7: =MID(EA7,2,1) | GA7: =MID(EA7,3,1) | GB7: =MID(EA7,4,1) | GC7: =MID(EB7,1,1) | GD7: =MID(EB7,2,1) | GE7: =MID(EB7,3,1) | GF7: =MID(EB7,4,1) | GG7: =MID(EC7,1,1) | GH7: =MID(EC7,2,1) | GI7: =MID(EC7,3,1) | GJ7: =MID(EC7,4,1) | GK7: =MID(ED7,1,1) | GL7: =MID(ED7,2,1) | GM7: =MID(ED7,3,1) | GN7: =MID(ED7,4,1) | GO7: =MID(EE7,1,1) | GP7: =MID(EE7,2,1) | GQ7: =MID(EE7,3,1) | GR7: =MID(EE7,4,1) | GT7: C0B7A8D05F3A829C | GU7: =MID($GT7,1,1) | GV7: =MID($GT7,2,1) | GW7: =MID($GT7,3,1) | GX7: =MID($GT7,4,1) | GY7: =MID($GT7,5,1) | GZ7: =MID($GT7,6,1) | HA7: =MID($GT7,7,1) | HB7: =MID($GT7,8,1) | HC7: =MID($GT7,9,1) | HD7: =MID($GT7,10,1) | HE7: =MID($GT7,11,1) | HF7: =MID($GT7,12,1) | HG7: =MID($GT7,13,1) | HH7: =MID($GT7,14,1) | HI7: =MID($GT7,15,1) | HJ7: =MID($GT7,16,1) | HL7: =DEC2BIN(HEX2DEC(GU7),4) | HM7: =DEC2BIN(HEX2DEC(GV7),4) | HN7: =DEC2BIN(HEX2DEC(GW7),4) | HO7: =DEC2BIN(HEX2DEC(GX7),4) | HP7: =DEC2BIN(HEX2DEC(GY7),4) | HQ7: =DEC2BIN(HEX2DEC(GZ7),4) | HR7: =DEC2BIN(HEX2DEC(HA7),4) | HS7: =DEC2BIN(HEX2DEC(HB7),4) | ... IA7: =DEC2BIN(HEX2DEC(HJ7),4) | IC7: =MID(HL7,1,1) | ID7: =MID(HL7,2,1) | IE7: =MID(HL7,3,1) | IF7: =MID(HL7,4,1) | IG7: =MID(HM7,1,1) | IH7: =MID(HM7,2,1) | II7: =MID(HM7,3,1) | IJ7: =MID(HM7,4,1) | IK7: =MID(HN7,1,1) | IL7: =MID(HN7,2,1) | IM7: =MID(HN7,3,1) | IN7: =MID(HN7,4,1) | IO7: =MID(HO7,1,1) | IP7: =MID(HO7,2,1) | IQ7: =MID(HO7,3,1) | IR7: =MID(HO7,4,1) | IS7: =MID(HP7,1,1) | IT7: =MID(HP7,2,1) | IU7: =MID(HP7,3,1) | IV7: =MID(HP7,4,1) | IW7: =MID(HQ7,1,1) | IX7: =MID(HQ7,2,1) | IY7: =MID(HQ7,3,1) | IZ7: =MID(HQ7,4,1) | JA7: =MID(HR7,1,1) | JB7: =MID(HR7,2,1) | JC7: =MID(HR7,3,1) | JD7: =MID(HR7,4,1) | JE7: =MID(HS7,1,1) | JF7: =MID(HS7,2,1) | JG7: =MID(HS7,3,1) | JH7: =MID(HS7,4,1) | JI7: =MID(HT7,1,1) | JJ7: =MID(HT7,2,1) | JK7: =MID(HT7,3,1) | JL7: =MID(HT7,4,1) | JM7: =MID(HU7,1,1) | JN7: =MID(HU7,2,1) | JO7: =MID(HU7,3,1) | JP7: =MID(HU7,4,1) | JQ7: =MID(HV7,1,1) | JR7: =MID(HV7,2,1) | JS7: =MID(HV7,3,1) | JT7: =MID(HV7,4,1) | JU7: =MID(HW7,1,1) | JV7: =MID(HW7,2,1) | JW7: =MID(HW7,3,1) | JX7: =MID(HW7,4,1) | JY7: =MID(HX7,1,1) | JZ7: =MID(HX7,2,1) | KA7: =MID(HX7,3,1) | KB7: =MID(HX7,4,1) | KC7: =MID(HY7,1,1) | KD7: =MID(HY7,2,1) | KE7: =MID(HY7,3,1) | KF7: =MID(HY7,4,1) | KG7: =MID(HZ7,1,1) | KH7: =MID(HZ7,2,1) | KI7: =MID(HZ7,3,1) | KJ7: =MID(HZ7,4,1) | KK7: =MID(IA7,1,1) | KL7: =MID(IA7,2,1) | KM7: =MID(IA7,3,1) | KN7: =MID(IA7,4,1) | KP7: 528B4424247CA6DE | KQ7: =MID($KP7,1,1) | KR7: =MID($KP7,2,1) | KS7: =MID($KP7,3,1) | KT7: =MID($KP7,4,1) | KU7: =MID($KP7,5,1) | KV7: =MID($KP7,6,1) | KW7: =MID($KP7,7,1) | KX7: =MID($KP7,8,1) | KY7: =MID($KP7,9,1) | KZ7: =MID($KP7,10,1) | LA7: =MID($KP7,11,1) | LB7: =MID($KP7,12,1) | LC7: =MID($KP7,13,1) | LD7: =MID($KP7,14,1) | LE7: =MID($KP7,15,1) | LF7: =MID($KP7,16,1) | LH7: =DEC2BIN(HEX2DEC(KQ7),4) | LI7: =DEC2BIN(HEX2DEC(KR7),4) | LJ7: =DEC2BIN(HEX2DEC(KS7),4) | LK7: =DEC2BIN(HEX2DEC(KT7),4) | LL7: =DEC2BIN(HEX2DEC(KU7),4) | LM7: =DEC2BIN(HEX2DEC(KV7),4) | LN7: =DEC2BIN(HEX2DEC(KW7),4) | LO7: =DEC2BIN(HEX2DEC(KX7),4) | ... LW7: =DEC2BIN(HEX2DEC(LF7),4) | LY7: =MID(LH7,1,1) | LZ7: =MID(LH7,2,1) | MA7: =MID(LH7,3,1) | MB7: =MID(LH7,4,1) | MC7: =MID(LI7,1,1) | MD7: =MID(LI7,2,1) | ME7: =MID(LI7,3,1) | MF7: =MID(LI7,4,1) | MG7: =MID(LJ7,1,1) | MH7: =MID(LJ7,2,1) | MI7: =MID(LJ7,3,1) | MJ7: =MID(LJ7,4,1) | MK7: =MID(LK7,1,1) | ML7: =MID(LK7,2,1) | MM7: =MID(LK7,3,1) | MN7: =MID(LK7,4,1) | MO7: =MID(LL7,1,1) | MP7: =MID(LL7,2,1) | MQ7: =MID(LL7,3,1) | MR7: =MID(LL7,4,1) | MS7: =MID(LM7,1,1) | MT7: =MID(LM7,2,1) | MU7: =MID(LM7,3,1) | MV7: =MID(LM7,4,1) | MW7: =MID(LN7,1,1) | MX7: =MID(LN7,2,1) | MY7: =MID(LN7,3,1) | MZ7: =MID(LN7,4,1) | NA7: =MID(LO7,1,1) | NB7: =MID(LO7,2,1) | NC7: =MID(LO7,3,1) | ND7: =MID(LO7,4,1) | NE7: =MID(LP7,1,1) | NF7: =MID(LP7,2,1) | NG7: =MID(LP7,3,1) | NH7: =MID(LP7,4,1) | NI7: =MID(LQ7,1,1) | NJ7: =MID(LQ7,2,1) | NK7: =MID(LQ7,3,1) | NL7: =MID(LQ7,4,1) | NM7: =MID(LR7,1,1) | NN7: =MID(LR7,2,1) | NO7: =MID(LR7,3,1) | NP7: =MID(LR7,4,1) | NQ7: =MID(LS7,1,1) | NR7: =MID(LS7,2,1) | NS7: =MID(LS7,3,1) | NT7: =MID(LS7,4,1) | NU7: =MID(LT7,1,1) | NV7: =MID(LT7,2,1) | NW7: =MID(LT7,3,1) | NX7: =MID(LT7,4,1) | NY7: =MID(LU7,1,1) | NZ7: =MID(LU7,2,1) | OA7: =MID(LU7,3,1) | OB7: =MID(LU7,4,1) | OC7: =MID(LV7,1,1) | OD7: =MID(LV7,2,1) | OE7: =MID(LV7,3,1) | OF7: =MID(LV7,4,1) | OG7: =MID(LW7,1,1) | OH7: =MID(LW7,2,1) | OI7: =MID(LW7,3,1) | OJ7: =MID(LW7,4,1) | OL7: =MOD(IC7+LY7,2) | OM7: =MOD(ID7+LZ7,2) | ON7: =MOD(IE7+MA7,2) | OO7: =MOD(IF7+MB7,2) | OP7: =MOD(IG7+MC7,2) | OQ7: =MOD(IH7+MD7,2) | OR7: =MOD(II7+ME7,2) | OS7: =MOD(IJ7+MF7,2) | ... QW7: =MOD(KN7+OJ7,2) | QY7: =SUM(OL7:QW7)
A8: AABB09182736CCDD | B8: 6 | C8: =MID($A8,1,1) | D8: =MID($A8,2,1) | E8: =MID($A8,3,1) | F8: =MID($A8,4,1) | G8: =MID($A8,5,1) | H8: =MID($A8,6,1) | I8: =MID($A8,7,1) | J8: =MID($A8,8,1) | K8: =MID($A8,9,1) | L8: =MID($A8,10,1) | M8: =MID($A8,11,1) | N8: =MID($A8,12,1) | O8: =MID($A8,13,1) | P8: =MID($A8,14,1) | Q8: =MID($A8,15,1) | R8: =MID($A8,16,1) | T8: =DEC2BIN(HEX2DEC(C8),4) | U8: =DEC2BIN(HEX2DEC(D8),4) | V8: =DEC2BIN(HEX2DEC(E8),4) | W8: =DEC2BIN(HEX2DEC(F8),4) | X8: =DEC2BIN(HEX2DEC(G8),4) | Y8: =DEC2BIN(HEX2DEC(H8),4) | Z8: =DEC2BIN(HEX2DEC(I8),4) | AA8: =DEC2BIN(HEX2DEC(J8),4) | ... AI8: =DEC2BIN(HEX2DEC(R8),4) | AK8: =MID(T8,1,1) | AL8: =MID(T8,2,1) | AM8: =MID(T8,3,1) | AN8: =MID(T8,4,1) | AO8: =MID(U8,1,1) | AP8: =MID(U8,2,1) | AQ8: =MID(U8,3,1) | AR8: =MID(U8,4,1) | AS8: =MID(V8,1,1) | AT8: =MID(V8,2,1) | AU8: =MID(V8,3,1) | AV8: =MID(V8,4,1) | AW8: =MID(W8,1,1) | AX8: =MID(W8,2,1) | AY8: =MID(W8,3,1) | AZ8: =MID(W8,4,1) | BA8: =MID(X8,1,1) | BB8: =MID(X8,2,1) | BC8: =MID(X8,3,1) | BD8: =MID(X8,4,1) | BE8: =MID(Y8,1,1) | BF8: =MID(Y8,2,1) | BG8: =MID(Y8,3,1) | BH8: =MID(Y8,4,1) | BI8: =MID(Z8,1,1) | BJ8: =MID(Z8,2,1) | BK8: =MID(Z8,3,1) | BL8: =MID(Z8,4,1) | BM8: =MID(AA8,1,1) | BN8: =MID(AA8,2,1) | BO8: =MID(AA8,3,1) | BP8: =MID(AA8,4,1) | BQ8: =MID(AB8,1,1) | BR8: =MID(AB8,2,1) | BS8: =MID(AB8,3,1) | BT8: =MID(AB8,4,1) | BU8: =MID(AC8,1,1) | BV8: =MID(AC8,2,1) | BW8: =MID(AC8,3,1) | BX8: =MID(AC8,4,1) | BY8: =MID(AD8,1,1) | BZ8: =MID(AD8,2,1) | CA8: =MID(AD8,3,1) | CB8: =MID(AD8,4,1) | CC8: =MID(AE8,1,1) | CD8: =MID(AE8,2,1) | CE8: =MID(AE8,3,1) | CF8: =MID(AE8,4,1) | CG8: =MID(AF8,1,1) | CH8: =MID(AF8,2,1) | CI8: =MID(AF8,3,1) | CJ8: =MID(AF8,4,1) | CK8: =MID(AG8,1,1) | CL8: =MID(AG8,2,1) | CM8: =MID(AG8,3,1) | CN8: =MID(AG8,4,1) | CO8: =MID(AH8,1,1) | CP8: =MID(AH8,2,1) | CQ8: =MID(AH8,3,1) | CR8: =MID(AH8,4,1) | CS8: =MID(AI8,1,1) | CT8: =MID(AI8,2,1) | CU8: =MID(AI8,3,1) | CV8: =MID(AI8,4,1) | CX8: AEBB09182736CCDD | CY8: =MID($CX8,1,1) | CZ8: =MID($CX8,2,1) | DA8: =MID($CX8,3,1) | DB8: =MID($CX8,4,1) | DC8: =MID($CX8,5,1) | DD8: =MID($CX8,6,1) | DE8: =MID($CX8,7,1) | DF8: =MID($CX8,8,1) | DG8: =MID($CX8,9,1) | DH8: =MID($CX8,10,1) | DI8: =MID($CX8,11,1) | DJ8: =MID($CX8,12,1) | DK8: =MID($CX8,13,1) | DL8: =MID($CX8,14,1) | DM8: =MID($CX8,15,1) | DN8: =MID($CX8,16,1) | DP8: =DEC2BIN(HEX2DEC(CY8),4) | DQ8: =DEC2BIN(HEX2DEC(CZ8),4) | DR8: =DEC2BIN(HEX2DEC(DA8),4) | DS8: =DEC2BIN(HEX2DEC(DB8),4) | DT8: =DEC2BIN(HEX2DEC(DC8),4) | DU8: =DEC2BIN(HEX2DEC(DD8),4) | DV8: =DEC2BIN(HEX2DEC(DE8),4) | DW8: =DEC2BIN(HEX2DEC(DF8),4) | ... EE8: =DEC2BIN(HEX2DEC(DN8),4) | EG8: =MID(DP8,1,1) | EH8: =MID(DP8,2,1) | EI8: =MID(DP8,3,1) | EJ8: =MID(DP8,4,1) | EK8: =MID(DQ8,1,1) | EL8: =MID(DQ8,2,1) | EM8: =MID(DQ8,3,1) | EN8: =MID(DQ8,4,1) | EO8: =MID(DR8,1,1) | EP8: =MID(DR8,2,1) | EQ8: =MID(DR8,3,1) | ER8: =MID(DR8,4,1) | ES8: =MID(DS8,1,1) | ET8: =MID(DS8,2,1) | EU8: =MID(DS8,3,1) | EV8: =MID(DS8,4,1) | EW8: =MID(DT8,1,1) | EX8: =MID(DT8,2,1) | EY8: =MID(DT8,3,1) | EZ8: =MID(DT8,4,1) | FA8: =MID(DU8,1,1) | FB8: =MID(DU8,2,1) | FC8: =MID(DU8,3,1) | FD8: =MID(DU8,4,1) | FE8: =MID(DV8,1,1) | FF8: =MID(DV8,2,1) | FG8: =MID(DV8,3,1) | FH8: =MID(DV8,4,1) | FI8: =MID(DW8,1,1) | FJ8: =MID(DW8,2,1) | FK8: =MID(DW8,3,1) | FL8: =MID(DW8,4,1) | FM8: =MID(DX8,1,1) | FN8: =MID(DX8,2,1) | FO8: =MID(DX8,3,1) | FP8: =MID(DX8,4,1) | FQ8: =MID(DY8,1,1) | FR8: =MID(DY8,2,1) | FS8: =MID(DY8,3,1) | FT8: =MID(DY8,4,1) | FU8: =MID(DZ8,1,1) | FV8: =MID(DZ8,2,1) | FW8: =MID(DZ8,3,1) | FX8: =MID(DZ8,4,1) | FY8: =MID(EA8,1,1) | FZ8: =MID(EA8,2,1) | GA8: =MID(EA8,3,1) | GB8: =MID(EA8,4,1) | GC8: =MID(EB8,1,1) | GD8: =MID(EB8,2,1) | GE8: =MID(EB8,3,1) | GF8: =MID(EB8,4,1) | GG8: =MID(EC8,1,1) | GH8: =MID(EC8,2,1) | GI8: =MID(EC8,3,1) | GJ8: =MID(EC8,4,1) | GK8: =MID(ED8,1,1) | GL8: =MID(ED8,2,1) | GM8: =MID(ED8,3,1) | GN8: =MID(ED8,4,1) | GO8: =MID(EE8,1,1) | GP8: =MID(EE8,2,1) | GQ8: =MID(EE8,3,1) | GR8: =MID(EE8,4,1) | GT8: C0B7A8D05F3A829C | GU8: =MID($GT8,1,1) | GV8: =MID($GT8,2,1) | GW8: =MID($GT8,3,1) | GX8: =MID($GT8,4,1) | GY8: =MID($GT8,5,1) | GZ8: =MID($GT8,6,1) | HA8: =MID($GT8,7,1) | HB8: =MID($GT8,8,1) | HC8: =MID($GT8,9,1) | HD8: =MID($GT8,10,1) | HE8: =MID($GT8,11,1) | HF8: =MID($GT8,12,1) | HG8: =MID($GT8,13,1) | HH8: =MID($GT8,14,1) | HI8: =MID($GT8,15,1) | HJ8: =MID($GT8,16,1) | HL8: =DEC2BIN(HEX2DEC(GU8),4) | HM8: =DEC2BIN(HEX2DEC(GV8),4) | HN8: =DEC2BIN(HEX2DEC(GW8),4) | HO8: =DEC2BIN(HEX2DEC(GX8),4) | HP8: =DEC2BIN(HEX2DEC(GY8),4) | HQ8: =DEC2BIN(HEX2DEC(GZ8),4) | HR8: =DEC2BIN(HEX2DEC(HA8),4) | HS8: =DEC2BIN(HEX2DEC(HB8),4) | ... IA8: =DEC2BIN(HEX2DEC(HJ8),4) | IC8: =MID(HL8,1,1) | ID8: =MID(HL8,2,1) | IE8: =MID(HL8,3,1) | IF8: =MID(HL8,4,1) | IG8: =MID(HM8,1,1) | IH8: =MID(HM8,2,1) | II8: =MID(HM8,3,1) | IJ8: =MID(HM8,4,1) | IK8: =MID(HN8,1,1) | IL8: =MID(HN8,2,1) | IM8: =MID(HN8,3,1) | IN8: =MID(HN8,4,1) | IO8: =MID(HO8,1,1) | IP8: =MID(HO8,2,1) | IQ8: =MID(HO8,3,1) | IR8: =MID(HO8,4,1) | IS8: =MID(HP8,1,1) | IT8: =MID(HP8,2,1) | IU8: =MID(HP8,3,1) | IV8: =MID(HP8,4,1) | IW8: =MID(HQ8,1,1) | IX8: =MID(HQ8,2,1) | IY8: =MID(HQ8,3,1) | IZ8: =MID(HQ8,4,1) | JA8: =MID(HR8,1,1) | JB8: =MID(HR8,2,1) | JC8: =MID(HR8,3,1) | JD8: =MID(HR8,4,1) | JE8: =MID(HS8,1,1) | JF8: =MID(HS8,2,1) | JG8: =MID(HS8,3,1) | JH8: =MID(HS8,4,1) | JI8: =MID(HT8,1,1) | JJ8: =MID(HT8,2,1) | JK8: =MID(HT8,3,1) | JL8: =MID(HT8,4,1) | JM8: =MID(HU8,1,1) | JN8: =MID(HU8,2,1) | JO8: =MID(HU8,3,1) | JP8: =MID(HU8,4,1) | JQ8: =MID(HV8,1,1) | JR8: =MID(HV8,2,1) | JS8: =MID(HV8,3,1) | JT8: =MID(HV8,4,1) | JU8: =MID(HW8,1,1) | JV8: =MID(HW8,2,1) | JW8: =MID(HW8,3,1) | JX8: =MID(HW8,4,1) | JY8: =MID(HX8,1,1) | JZ8: =MID(HX8,2,1) | KA8: =MID(HX8,3,1) | KB8: =MID(HX8,4,1) | KC8: =MID(HY8,1,1) | KD8: =MID(HY8,2,1) | KE8: =MID(HY8,3,1) | KF8: =MID(HY8,4,1) | KG8: =MID(HZ8,1,1) | KH8: =MID(HZ8,2,1) | KI8: =MID(HZ8,3,1) | KJ8: =MID(HZ8,4,1) | KK8: =MID(IA8,1,1) | KL8: =MID(IA8,2,1) | KM8: =MID(IA8,3,1) | KN8: =MID(IA8,4,1) | KP8: 9D933DBCF97D3309 | KQ8: =MID($KP8,1,1) | KR8: =MID($KP8,2,1) | KS8: =MID($KP8,3,1) | KT8: =MID($KP8,4,1) | KU8: =MID($KP8,5,1) | KV8: =MID($KP8,6,1) | KW8: =MID($KP8,7,1) | KX8: =MID($KP8,8,1) | KY8: =MID($KP8,9,1) | KZ8: =MID($KP8,10,1) | LA8: =MID($KP8,11,1) | LB8: =MID($KP8,12,1) | LC8: =MID($KP8,13,1) | LD8: =MID($KP8,14,1) | LE8: =MID($KP8,15,1) | LF8: =MID($KP8,16,1) | LH8: =DEC2BIN(HEX2DEC(KQ8),4) | LI8: =DEC2BIN(HEX2DEC(KR8),4) | LJ8: =DEC2BIN(HEX2DEC(KS8),4) | LK8: =DEC2BIN(HEX2DEC(KT8),4) | LL8: =DEC2BIN(HEX2DEC(KU8),4) | LM8: =DEC2BIN(HEX2DEC(KV8),4) | LN8: =DEC2BIN(HEX2DEC(KW8),4) | LO8: =DEC2BIN(HEX2DEC(KX8),4) | ... LW8: =DEC2BIN(HEX2DEC(LF8),4) | LY8: =MID(LH8,1,1) | LZ8: =MID(LH8,2,1) | MA8: =MID(LH8,3,1) | MB8: =MID(LH8,4,1) | MC8: =MID(LI8,1,1) | MD8: =MID(LI8,2,1) | ME8: =MID(LI8,3,1) | MF8: =MID(LI8,4,1) | MG8: =MID(LJ8,1,1) | MH8: =MID(LJ8,2,1) | MI8: =MID(LJ8,3,1) | MJ8: =MID(LJ8,4,1) | MK8: =MID(LK8,1,1) | ML8: =MID(LK8,2,1) | MM8: =MID(LK8,3,1) | MN8: =MID(LK8,4,1) | MO8: =MID(LL8,1,1) | MP8: =MID(LL8,2,1) | MQ8: =MID(LL8,3,1) | MR8: =MID(LL8,4,1) | MS8: =MID(LM8,1,1) | MT8: =MID(LM8,2,1) | MU8: =MID(LM8,3,1) | MV8: =MID(LM8,4,1) | MW8: =MID(LN8,1,1) | MX8: =MID(LN8,2,1) | MY8: =MID(LN8,3,1) | MZ8: =MID(LN8,4,1) | NA8: =MID(LO8,1,1) | NB8: =MID(LO8,2,1) | NC8: =MID(LO8,3,1) | ND8: =MID(LO8,4,1) | NE8: =MID(LP8,1,1) | NF8: =MID(LP8,2,1) | NG8: =MID(LP8,3,1) | NH8: =MID(LP8,4,1) | NI8: =MID(LQ8,1,1) | NJ8: =MID(LQ8,2,1) | NK8: =MID(LQ8,3,1) | NL8: =MID(LQ8,4,1) | NM8: =MID(LR8,1,1) | NN8: =MID(LR8,2,1) | NO8: =MID(LR8,3,1) | NP8: =MID(LR8,4,1) | NQ8: =MID(LS8,1,1) | NR8: =MID(LS8,2,1) | NS8: =MID(LS8,3,1) | NT8: =MID(LS8,4,1) | NU8: =MID(LT8,1,1) | NV8: =MID(LT8,2,1) | NW8: =MID(LT8,3,1) | NX8: =MID(LT8,4,1) | NY8: =MID(LU8,1,1) | NZ8: =MID(LU8,2,1) | OA8: =MID(LU8,3,1) | OB8: =MID(LU8,4,1) | OC8: =MID(LV8,1,1) | OD8: =MID(LV8,2,1) | OE8: =MID(LV8,3,1) | OF8: =MID(LV8,4,1) | OG8: =MID(LW8,1,1) | OH8: =MID(LW8,2,1) | OI8: =MID(LW8,3,1) | OJ8: =MID(LW8,4,1) | OL8: =MOD(IC8+LY8,2) | OM8: =MOD(ID8+LZ8,2) | ON8: =MOD(IE8+MA8,2) | OO8: =MOD(IF8+MB8,2) | OP8: =MOD(IG8+MC8,2) | OQ8: =MOD(IH8+MD8,2) | OR8: =MOD(II8+ME8,2) | OS8: =MOD(IJ8+MF8,2) | ... QW8: =MOD(KN8+OJ8,2) | QY8: =SUM(OL8:QW8)
A9: AABB09182736CCDD | B9: 7 | C9: =MID($A9,1,1) | D9: =MID($A9,2,1) | E9: =MID($A9,3,1) | F9: =MID($A9,4,1) | G9: =MID($A9,5,1) | H9: =MID($A9,6,1) | I9: =MID($A9,7,1) | J9: =MID($A9,8,1) | K9: =MID($A9,9,1) | L9: =MID($A9,10,1) | M9: =MID($A9,11,1) | N9: =MID($A9,12,1) | O9: =MID($A9,13,1) | P9: =MID($A9,14,1) | Q9: =MID($A9,15,1) | R9: =MID($A9,16,1) | T9: =DEC2BIN(HEX2DEC(C9),4) | U9: =DEC2BIN(HEX2DEC(D9),4) | V9: =DEC2BIN(HEX2DEC(E9),4) | W9: =DEC2BIN(HEX2DEC(F9),4) | X9: =DEC2BIN(HEX2DEC(G9),4) | Y9: =DEC2BIN(HEX2DEC(H9),4) | Z9: =DEC2BIN(HEX2DEC(I9),4) | AA9: =DEC2BIN(HEX2DEC(J9),4) | ... AI9: =DEC2BIN(HEX2DEC(R9),4) | AK9: =MID(T9,1,1) | AL9: =MID(T9,2,1) | AM9: =MID(T9,3,1) | AN9: =MID(T9,4,1) | AO9: =MID(U9,1,1) | AP9: =MID(U9,2,1) | AQ9: =MID(U9,3,1) | AR9: =MID(U9,4,1) | AS9: =MID(V9,1,1) | AT9: =MID(V9,2,1) | AU9: =MID(V9,3,1) | AV9: =MID(V9,4,1) | AW9: =MID(W9,1,1) | AX9: =MID(W9,2,1) | AY9: =MID(W9,3,1) | AZ9: =MID(W9,4,1) | BA9: =MID(X9,1,1) | BB9: =MID(X9,2,1) | BC9: =MID(X9,3,1) | BD9: =MID(X9,4,1) | BE9: =MID(Y9,1,1) | BF9: =MID(Y9,2,1) | BG9: =MID(Y9,3,1) | BH9: =MID(Y9,4,1) | BI9: =MID(Z9,1,1) | BJ9: =MID(Z9,2,1) | BK9: =MID(Z9,3,1) | BL9: =MID(Z9,4,1) | BM9: =MID(AA9,1,1) | BN9: =MID(AA9,2,1) | BO9: =MID(AA9,3,1) | BP9: =MID(AA9,4,1) | BQ9: =MID(AB9,1,1) | BR9: =MID(AB9,2,1) | BS9: =MID(AB9,3,1) | BT9: =MID(AB9,4,1) | BU9: =MID(AC9,1,1) | BV9: =MID(AC9,2,1) | BW9: =MID(AC9,3,1) | BX9: =MID(AC9,4,1) | BY9: =MID(AD9,1,1) | BZ9: =MID(AD9,2,1) | CA9: =MID(AD9,3,1) | CB9: =MID(AD9,4,1) | CC9: =MID(AE9,1,1) | CD9: =MID(AE9,2,1) | CE9: =MID(AE9,3,1) | CF9: =MID(AE9,4,1) | CG9: =MID(AF9,1,1) | CH9: =MID(AF9,2,1) | CI9: =MID(AF9,3,1) | CJ9: =MID(AF9,4,1) | CK9: =MID(AG9,1,1) | CL9: =MID(AG9,2,1) | CM9: =MID(AG9,3,1) | CN9: =MID(AG9,4,1) | CO9: =MID(AH9,1,1) | CP9: =MID(AH9,2,1) | CQ9: =MID(AH9,3,1) | CR9: =MID(AH9,4,1) | CS9: =MID(AI9,1,1) | CT9: =MID(AI9,2,1) | CU9: =MID(AI9,3,1) | CV9: =MID(AI9,4,1) | CX9: A8BB09182736CCDD | CY9: =MID($CX9,1,1) | CZ9: =MID($CX9,2,1) | DA9: =MID($CX9,3,1) | DB9: =MID($CX9,4,1) | DC9: =MID($CX9,5,1) | DD9: =MID($CX9,6,1) | DE9: =MID($CX9,7,1) | DF9: =MID($CX9,8,1) | DG9: =MID($CX9,9,1) | DH9: =MID($CX9,10,1) | DI9: =MID($CX9,11,1) | DJ9: =MID($CX9,12,1) | DK9: =MID($CX9,13,1) | DL9: =MID($CX9,14,1) | DM9: =MID($CX9,15,1) | DN9: =MID($CX9,16,1) | DP9: =DEC2BIN(HEX2DEC(CY9),4) | DQ9: =DEC2BIN(HEX2DEC(CZ9),4) | DR9: =DEC2BIN(HEX2DEC(DA9),4) | DS9: =DEC2BIN(HEX2DEC(DB9),4) | DT9: =DEC2BIN(HEX2DEC(DC9),4) | DU9: =DEC2BIN(HEX2DEC(DD9),4) | DV9: =DEC2BIN(HEX2DEC(DE9),4) | DW9: =DEC2BIN(HEX2DEC(DF9),4) | ... EE9: =DEC2BIN(HEX2DEC(DN9),4) | EG9: =MID(DP9,1,1) | EH9: =MID(DP9,2,1) | EI9: =MID(DP9,3,1) | EJ9: =MID(DP9,4,1) | EK9: =MID(DQ9,1,1) | EL9: =MID(DQ9,2,1) | EM9: =MID(DQ9,3,1) | EN9: =MID(DQ9,4,1) | EO9: =MID(DR9,1,1) | EP9: =MID(DR9,2,1) | EQ9: =MID(DR9,3,1) | ER9: =MID(DR9,4,1) | ES9: =MID(DS9,1,1) | ET9: =MID(DS9,2,1) | EU9: =MID(DS9,3,1) | EV9: =MID(DS9,4,1) | EW9: =MID(DT9,1,1) | EX9: =MID(DT9,2,1) | EY9: =MID(DT9,3,1) | EZ9: =MID(DT9,4,1) | FA9: =MID(DU9,1,1) | FB9: =MID(DU9,2,1) | FC9: =MID(DU9,3,1) | FD9: =MID(DU9,4,1) | FE9: =MID(DV9,1,1) | FF9: =MID(DV9,2,1) | FG9: =MID(DV9,3,1) | FH9: =MID(DV9,4,1) | FI9: =MID(DW9,1,1) | FJ9: =MID(DW9,2,1) | FK9: =MID(DW9,3,1) | FL9: =MID(DW9,4,1) | FM9: =MID(DX9,1,1) | FN9: =MID(DX9,2,1) | FO9: =MID(DX9,3,1) | FP9: =MID(DX9,4,1) | FQ9: =MID(DY9,1,1) | FR9: =MID(DY9,2,1) | FS9: =MID(DY9,3,1) | FT9: =MID(DY9,4,1) | FU9: =MID(DZ9,1,1) | FV9: =MID(DZ9,2,1) | FW9: =MID(DZ9,3,1) | FX9: =MID(DZ9,4,1) | FY9: =MID(EA9,1,1) | FZ9: =MID(EA9,2,1) | GA9: =MID(EA9,3,1) | GB9: =MID(EA9,4,1) | GC9: =MID(EB9,1,1) | GD9: =MID(EB9,2,1) | GE9: =MID(EB9,3,1) | GF9: =MID(EB9,4,1) | GG9: =MID(EC9,1,1) | GH9: =MID(EC9,2,1) | GI9: =MID(EC9,3,1) | GJ9: =MID(EC9,4,1) | GK9: =MID(ED9,1,1) | GL9: =MID(ED9,2,1) | GM9: =MID(ED9,3,1) | GN9: =MID(ED9,4,1) | GO9: =MID(EE9,1,1) | GP9: =MID(EE9,2,1) | GQ9: =MID(EE9,3,1) | GR9: =MID(EE9,4,1) | GT9: C0B7A8D05F3A829C | GU9: =MID($GT9,1,1) | GV9: =MID($GT9,2,1) | GW9: =MID($GT9,3,1) | GX9: =MID($GT9,4,1) | GY9: =MID($GT9,5,1) | GZ9: =MID($GT9,6,1) | HA9: =MID($GT9,7,1) | HB9: =MID($GT9,8,1) | HC9: =MID($GT9,9,1) | HD9: =MID($GT9,10,1) | HE9: =MID($GT9,11,1) | HF9: =MID($GT9,12,1) | HG9: =MID($GT9,13,1) | HH9: =MID($GT9,14,1) | HI9: =MID($GT9,15,1) | HJ9: =MID($GT9,16,1) | HL9: =DEC2BIN(HEX2DEC(GU9),4) | HM9: =DEC2BIN(HEX2DEC(GV9),4) | HN9: =DEC2BIN(HEX2DEC(GW9),4) | HO9: =DEC2BIN(HEX2DEC(GX9),4) | HP9: =DEC2BIN(HEX2DEC(GY9),4) | HQ9: =DEC2BIN(HEX2DEC(GZ9),4) | HR9: =DEC2BIN(HEX2DEC(HA9),4) | HS9: =DEC2BIN(HEX2DEC(HB9),4) | ... IA9: =DEC2BIN(HEX2DEC(HJ9),4) | IC9: =MID(HL9,1,1) | ID9: =MID(HL9,2,1) | IE9: =MID(HL9,3,1) | IF9: =MID(HL9,4,1) | IG9: =MID(HM9,1,1) | IH9: =MID(HM9,2,1) | II9: =MID(HM9,3,1) | IJ9: =MID(HM9,4,1) | IK9: =MID(HN9,1,1) | IL9: =MID(HN9,2,1) | IM9: =MID(HN9,3,1) | IN9: =MID(HN9,4,1) | IO9: =MID(HO9,1,1) | IP9: =MID(HO9,2,1) | IQ9: =MID(HO9,3,1) | IR9: =MID(HO9,4,1) | IS9: =MID(HP9,1,1) | IT9: =MID(HP9,2,1) | IU9: =MID(HP9,3,1) | IV9: =MID(HP9,4,1) | IW9: =MID(HQ9,1,1) | IX9: =MID(HQ9,2,1) | IY9: =MID(HQ9,3,1) | IZ9: =MID(HQ9,4,1) | JA9: =MID(HR9,1,1) | JB9: =MID(HR9,2,1) | JC9: =MID(HR9,3,1) | JD9: =MID(HR9,4,1) | JE9: =MID(HS9,1,1) | JF9: =MID(HS9,2,1) | JG9: =MID(HS9,3,1) | JH9: =MID(HS9,4,1) | JI9: =MID(HT9,1,1) | JJ9: =MID(HT9,2,1) | JK9: =MID(HT9,3,1) | JL9: =MID(HT9,4,1) | JM9: =MID(HU9,1,1) | JN9: =MID(HU9,2,1) | JO9: =MID(HU9,3,1) | JP9: =MID(HU9,4,1) | JQ9: =MID(HV9,1,1) | JR9: =MID(HV9,2,1) | JS9: =MID(HV9,3,1) | JT9: =MID(HV9,4,1) | JU9: =MID(HW9,1,1) | JV9: =MID(HW9,2,1) | JW9: =MID(HW9,3,1) | JX9: =MID(HW9,4,1) | JY9: =MID(HX9,1,1) | JZ9: =MID(HX9,2,1) | KA9: =MID(HX9,3,1) | KB9: =MID(HX9,4,1) | KC9: =MID(HY9,1,1) | KD9: =MID(HY9,2,1) | KE9: =MID(HY9,3,1) | KF9: =MID(HY9,4,1) | KG9: =MID(HZ9,1,1) | KH9: =MID(HZ9,2,1) | KI9: =MID(HZ9,3,1) | KJ9: =MID(HZ9,4,1) | KK9: =MID(IA9,1,1) | KL9: =MID(IA9,2,1) | KM9: =MID(IA9,3,1) | KN9: =MID(IA9,4,1) | KP9: 520F9BEEF7CEDA94 | KQ9: =MID($KP9,1,1) | KR9: =MID($KP9,2,1) | KS9: =MID($KP9,3,1) | KT9: =MID($KP9,4,1) | KU9: =MID($KP9,5,1) | KV9: =MID($KP9,6,1) | KW9: =MID($KP9,7,1) | KX9: =MID($KP9,8,1) | KY9: =MID($KP9,9,1) | KZ9: =MID($KP9,10,1) | LA9: =MID($KP9,11,1) | LB9: =MID($KP9,12,1) | LC9: =MID($KP9,13,1) | LD9: =MID($KP9,14,1) | LE9: =MID($KP9,15,1) | LF9: =MID($KP9,16,1) | LH9: =DEC2BIN(HEX2DEC(KQ9),4) | LI9: =DEC2BIN(HEX2DEC(KR9),4) | LJ9: =DEC2BIN(HEX2DEC(KS9),4) | LK9: =DEC2BIN(HEX2DEC(KT9),4) | LL9: =DEC2BIN(HEX2DEC(KU9),4) | LM9: =DEC2BIN(HEX2DEC(KV9),4) | LN9: =DEC2BIN(HEX2DEC(KW9),4) | LO9: =DEC2BIN(HEX2DEC(KX9),4) | ... LW9: =DEC2BIN(HEX2DEC(LF9),4) | LY9: =MID(LH9,1,1) | LZ9: =MID(LH9,2,1) | MA9: =MID(LH9,3,1) | MB9: =MID(LH9,4,1) | MC9: =MID(LI9,1,1) | MD9: =MID(LI9,2,1) | ME9: =MID(LI9,3,1) | MF9: =MID(LI9,4,1) | MG9: =MID(LJ9,1,1) | MH9: =MID(LJ9,2,1) | MI9: =MID(LJ9,3,1) | MJ9: =MID(LJ9,4,1) | MK9: =MID(LK9,1,1) | ML9: =MID(LK9,2,1) | MM9: =MID(LK9,3,1) | MN9: =MID(LK9,4,1) | MO9: =MID(LL9,1,1) | MP9: =MID(LL9,2,1) | MQ9: =MID(LL9,3,1) | MR9: =MID(LL9,4,1) | MS9: =MID(LM9,1,1) | MT9: =MID(LM9,2,1) | MU9: =MID(LM9,3,1) | MV9: =MID(LM9,4,1) | MW9: =MID(LN9,1,1) | MX9: =MID(LN9,2,1) | MY9: =MID(LN9,3,1) | MZ9: =MID(LN9,4,1) | NA9: =MID(LO9,1,1) | NB9: =MID(LO9,2,1) | NC9: =MID(LO9,3,1) | ND9: =MID(LO9,4,1) | NE9: =MID(LP9,1,1) | NF9: =MID(LP9,2,1) | NG9: =MID(LP9,3,1) | NH9: =MID(LP9,4,1) | NI9: =MID(LQ9,1,1) | NJ9: =MID(LQ9,2,1) | NK9: =MID(LQ9,3,1) | NL9: =MID(LQ9,4,1) | NM9: =MID(LR9,1,1) | NN9: =MID(LR9,2,1) | NO9: =MID(LR9,3,1) | NP9: =MID(LR9,4,1) | NQ9: =MID(LS9,1,1) | NR9: =MID(LS9,2,1) | NS9: =MID(LS9,3,1) | NT9: =MID(LS9,4,1) | NU9: =MID(LT9,1,1) | NV9: =MID(LT9,2,1) | NW9: =MID(LT9,3,1) | NX9: =MID(LT9,4,1) | NY9: =MID(LU9,1,1) | NZ9: =MID(LU9,2,1) | OA9: =MID(LU9,3,1) | OB9: =MID(LU9,4,1) | OC9: =MID(LV9,1,1) | OD9: =MID(LV9,2,1) | OE9: =MID(LV9,3,1) | OF9: =MID(LV9,4,1) | OG9: =MID(LW9,1,1) | OH9: =MID(LW9,2,1) | OI9: =MID(LW9,3,1) | OJ9: =MID(LW9,4,1) | OL9: =MOD(IC9+LY9,2) | OM9: =MOD(ID9+LZ9,2) | ON9: =MOD(IE9+MA9,2) | OO9: =MOD(IF9+MB9,2) | OP9: =MOD(IG9+MC9,2) | OQ9: =MOD(IH9+MD9,2) | OR9: =MOD(II9+ME9,2) | OS9: =MOD(IJ9+MF9,2) | ... QW9: =MOD(KN9+OJ9,2) | QY9: =SUM(OL9:QW9)
A10: AABB09182736CCDD | B10: 8 | C10: =MID($A10,1,1) | D10: =MID($A10,2,1) | E10: =MID($A10,3,1) | F10: =MID($A10,4,1) | G10: =MID($A10,5,1) | H10: =MID($A10,6,1) | I10: =MID($A10,7,1) | J10: =MID($A10,8,1) | K10: =MID($A10,9,1) | L10: =MID($A10,10,1) | M10: =MID($A10,11,1) | N10: =MID($A10,12,1) | O10: =MID($A10,13,1) | P10: =MID($A10,14,1) | Q10: =MID($A10,15,1) | R10: =MID($A10,16,1) | T10: =DEC2BIN(HEX2DEC(C10),4) | U10: =DEC2BIN(HEX2DEC(D10),4) | V10: =DEC2BIN(HEX2DEC(E10),4) | W10: =DEC2BIN(HEX2DEC(F10),4) | X10: =DEC2BIN(HEX2DEC(G10),4) | Y10: =DEC2BIN(HEX2DEC(H10),4) | Z10: =DEC2BIN(HEX2DEC(I10),4) | AA10: =DEC2BIN(HEX2DEC(J10),4) | ... AI10: =DEC2BIN(HEX2DEC(R10),4) | AK10: =MID(T10,1,1) | AL10: =MID(T10,2,1) | AM10: =MID(T10,3,1) | AN10: =MID(T10,4,1) | AO10: =MID(U10,1,1) | AP10: =MID(U10,2,1) | AQ10: =MID(U10,3,1) | AR10: =MID(U10,4,1) | AS10: =MID(V10,1,1) | AT10: =MID(V10,2,1) | AU10: =MID(V10,3,1) | AV10: =MID(V10,4,1) | AW10: =MID(W10,1,1) | AX10: =MID(W10,2,1) | AY10: =MID(W10,3,1) | AZ10: =MID(W10,4,1) | BA10: =MID(X10,1,1) | BB10: =MID(X10,2,1) | BC10: =MID(X10,3,1) | BD10: =MID(X10,4,1) | BE10: =MID(Y10,1,1) | BF10: =MID(Y10,2,1) | BG10: =MID(Y10,3,1) | BH10: =MID(Y10,4,1) | BI10: =MID(Z10,1,1) | BJ10: =MID(Z10,2,1) | BK10: =MID(Z10,3,1) | BL10: =MID(Z10,4,1) | BM10: =MID(AA10,1,1) | BN10: =MID(AA10,2,1) | BO10: =MID(AA10,3,1) | BP10: =MID(AA10,4,1) | BQ10: =MID(AB10,1,1) | BR10: =MID(AB10,2,1) | BS10: =MID(AB10,3,1) | BT10: =MID(AB10,4,1) | BU10: =MID(AC10,1,1) | BV10: =MID(AC10,2,1) | BW10: =MID(AC10,3,1) | BX10: =MID(AC10,4,1) | BY10: =MID(AD10,1,1) | BZ10: =MID(AD10,2,1) | CA10: =MID(AD10,3,1) | CB10: =MID(AD10,4,1) | CC10: =MID(AE10,1,1) | CD10: =MID(AE10,2,1) | CE10: =MID(AE10,3,1) | CF10: =MID(AE10,4,1) | CG10: =MID(AF10,1,1) | CH10: =MID(AF10,2,1) | CI10: =MID(AF10,3,1) | CJ10: =MID(AF10,4,1) | CK10: =MID(AG10,1,1) | CL10: =MID(AG10,2,1) | CM10: =MID(AG10,3,1) | CN10: =MID(AG10,4,1) | CO10: =MID(AH10,1,1) | CP10: =MID(AH10,2,1) | CQ10: =MID(AH10,3,1) | CR10: =MID(AH10,4,1) | CS10: =MID(AI10,1,1) | CT10: =MID(AI10,2,1) | CU10: =MID(AI10,3,1) | CV10: =MID(AI10,4,1) | CX10: ABBB09182736CCDD | CY10: =MID($CX10,1,1) | CZ10: =MID($CX10,2,1) | DA10: =MID($CX10,3,1) | DB10: =MID($CX10,4,1) | DC10: =MID($CX10,5,1) | DD10: =MID($CX10,6,1) | DE10: =MID($CX10,7,1) | DF10: =MID($CX10,8,1) | DG10: =MID($CX10,9,1) | DH10: =MID($CX10,10,1) | DI10: =MID($CX10,11,1) | DJ10: =MID($CX10,12,1) | DK10: =MID($CX10,13,1) | DL10: =MID($CX10,14,1) | DM10: =MID($CX10,15,1) | DN10: =MID($CX10,16,1) | DP10: =DEC2BIN(HEX2DEC(CY10),4) | DQ10: =DEC2BIN(HEX2DEC(CZ10),4) | DR10: =DEC2BIN(HEX2DEC(DA10),4) | DS10: =DEC2BIN(HEX2DEC(DB10),4) | DT10: =DEC2BIN(HEX2DEC(DC10),4) | DU10: =DEC2BIN(HEX2DEC(DD10),4) | DV10: =DEC2BIN(HEX2DEC(DE10),4) | DW10: =DEC2BIN(HEX2DEC(DF10),4) | ... EE10: =DEC2BIN(HEX2DEC(DN10),4) | EG10: =MID(DP10,1,1) | EH10: =MID(DP10,2,1) | EI10: =MID(DP10,3,1) | EJ10: =MID(DP10,4,1) | EK10: =MID(DQ10,1,1) | EL10: =MID(DQ10,2,1) | EM10: =MID(DQ10,3,1) | EN10: =MID(DQ10,4,1) | EO10: =MID(DR10,1,1) | EP10: =MID(DR10,2,1) | EQ10: =MID(DR10,3,1) | ER10: =MID(DR10,4,1) | ES10: =MID(DS10,1,1) | ET10: =MID(DS10,2,1) | EU10: =MID(DS10,3,1) | EV10: =MID(DS10,4,1) | EW10: =MID(DT10,1,1) | EX10: =MID(DT10,2,1) | EY10: =MID(DT10,3,1) | EZ10: =MID(DT10,4,1) | FA10: =MID(DU10,1,1) | FB10: =MID(DU10,2,1) | FC10: =MID(DU10,3,1) | FD10: =MID(DU10,4,1) | FE10: =MID(DV10,1,1) | FF10: =MID(DV10,2,1) | FG10: =MID(DV10,3,1) | FH10: =MID(DV10,4,1) | FI10: =MID(DW10,1,1) | FJ10: =MID(DW10,2,1) | FK10: =MID(DW10,3,1) | FL10: =MID(DW10,4,1) | FM10: =MID(DX10,1,1) | FN10: =MID(DX10,2,1) | FO10: =MID(DX10,3,1) | FP10: =MID(DX10,4,1) | FQ10: =MID(DY10,1,1) | FR10: =MID(DY10,2,1) | FS10: =MID(DY10,3,1) | FT10: =MID(DY10,4,1) | FU10: =MID(DZ10,1,1) | FV10: =MID(DZ10,2,1) | FW10: =MID(DZ10,3,1) | FX10: =MID(DZ10,4,1) | FY10: =MID(EA10,1,1) | FZ10: =MID(EA10,2,1) | GA10: =MID(EA10,3,1) | GB10: =MID(EA10,4,1) | GC10: =MID(EB10,1,1) | GD10: =MID(EB10,2,1) | GE10: =MID(EB10,3,1) | GF10: =MID(EB10,4,1) | GG10: =MID(EC10,1,1) | GH10: =MID(EC10,2,1) | GI10: =MID(EC10,3,1) | GJ10: =MID(EC10,4,1) | GK10: =MID(ED10,1,1) | GL10: =MID(ED10,2,1) | GM10: =MID(ED10,3,1) | GN10: =MID(ED10,4,1) | GO10: =MID(EE10,1,1) | GP10: =MID(EE10,2,1) | GQ10: =MID(EE10,3,1) | GR10: =MID(EE10,4,1) | GT10: C0B7A8D05F3A829C | GU10: =MID($GT10,1,1) | GV10: =MID($GT10,2,1) | GW10: =MID($GT10,3,1) | GX10: =MID($GT10,4,1) | GY10: =MID($GT10,5,1) | GZ10: =MID($GT10,6,1) | HA10: =MID($GT10,7,1) | HB10: =MID($GT10,8,1) | HC10: =MID($GT10,9,1) | HD10: =MID($GT10,10,1) | HE10: =MID($GT10,11,1) | HF10: =MID($GT10,12,1) | HG10: =MID($GT10,13,1) | HH10: =MID($GT10,14,1) | HI10: =MID($GT10,15,1) | HJ10: =MID($GT10,16,1) | HL10: =DEC2BIN(HEX2DEC(GU10),4) | HM10: =DEC2BIN(HEX2DEC(GV10),4) | HN10: =DEC2BIN(HEX2DEC(GW10),4) | HO10: =DEC2BIN(HEX2DEC(GX10),4) | HP10: =DEC2BIN(HEX2DEC(GY10),4) | HQ10: =DEC2BIN(HEX2DEC(GZ10),4) | HR10: =DEC2BIN(HEX2DEC(HA10),4) | HS10: =DEC2BIN(HEX2DEC(HB10),4) | ... IA10: =DEC2BIN(HEX2DEC(HJ10),4) | IC10: =MID(HL10,1,1) | ID10: =MID(HL10,2,1) | IE10: =MID(HL10,3,1) | IF10: =MID(HL10,4,1) | IG10: =MID(HM10,1,1) | IH10: =MID(HM10,2,1) | II10: =MID(HM10,3,1) | IJ10: =MID(HM10,4,1) | IK10: =MID(HN10,1,1) | IL10: =MID(HN10,2,1) | IM10: =MID(HN10,3,1) | IN10: =MID(HN10,4,1) | IO10: =MID(HO10,1,1) | IP10: =MID(HO10,2,1) | IQ10: =MID(HO10,3,1) | IR10: =MID(HO10,4,1) | IS10: =MID(HP10,1,1) | IT10: =MID(HP10,2,1) | IU10: =MID(HP10,3,1) | IV10: =MID(HP10,4,1) | IW10: =MID(HQ10,1,1) | IX10: =MID(HQ10,2,1) | IY10: =MID(HQ10,3,1) | IZ10: =MID(HQ10,4,1) | JA10: =MID(HR10,1,1) | JB10: =MID(HR10,2,1) | JC10: =MID(HR10,3,1) | JD10: =MID(HR10,4,1) | JE10: =MID(HS10,1,1) | JF10: =MID(HS10,2,1) | JG10: =MID(HS10,3,1) | JH10: =MID(HS10,4,1) | JI10: =MID(HT10,1,1) | JJ10: =MID(HT10,2,1) | JK10: =MID(HT10,3,1) | JL10: =MID(HT10,4,1) | JM10: =MID(HU10,1,1) | JN10: =MID(HU10,2,1) | JO10: =MID(HU10,3,1) | JP10: =MID(HU10,4,1) | JQ10: =MID(HV10,1,1) | JR10: =MID(HV10,2,1) | JS10: =MID(HV10,3,1) | JT10: =MID(HV10,4,1) | JU10: =MID(HW10,1,1) | JV10: =MID(HW10,2,1) | JW10: =MID(HW10,3,1) | JX10: =MID(HW10,4,1) | JY10: =MID(HX10,1,1) | JZ10: =MID(HX10,2,1) | KA10: =MID(HX10,3,1) | KB10: =MID(HX10,4,1) | KC10: =MID(HY10,1,1) | KD10: =MID(HY10,2,1) | KE10: =MID(HY10,3,1) | KF10: =MID(HY10,4,1) | KG10: =MID(HZ10,1,1) | KH10: =MID(HZ10,2,1) | KI10: =MID(HZ10,3,1) | KJ10: =MID(HZ10,4,1) | KK10: =MID(IA10,1,1) | KL10: =MID(IA10,2,1) | KM10: =MID(IA10,3,1) | KN10: =MID(IA10,4,1) | KP10: C0B7A8D05F3A829C | KQ10: =MID($KP10,1,1) | KR10: =MID($KP10,2,1) | KS10: =MID($KP10,3,1) | KT10: =MID($KP10,4,1) | KU10: =MID($KP10,5,1) | KV10: =MID($KP10,6,1) | KW10: =MID($KP10,7,1) | KX10: =MID($KP10,8,1) | KY10: =MID($KP10,9,1) | KZ10: =MID($KP10,10,1) | LA10: =MID($KP10,11,1) | LB10: =MID($KP10,12,1) | LC10: =MID($KP10,13,1) | LD10: =MID($KP10,14,1) | LE10: =MID($KP10,15,1) | LF10: =MID($KP10,16,1) | LH10: =DEC2BIN(HEX2DEC(KQ10),4) | LI10: =DEC2BIN(HEX2DEC(KR10),4) | LJ10: =DEC2BIN(HEX2DEC(KS10),4) | LK10: =DEC2BIN(HEX2DEC(KT10),4) | LL10: =DEC2BIN(HEX2DEC(KU10),4) | LM10: =DEC2BIN(HEX2DEC(KV10),4) | LN10: =DEC2BIN(HEX2DEC(KW10),4) | LO10: =DEC2BIN(HEX2DEC(KX10),4) | ... LW10: =DEC2BIN(HEX2DEC(LF10),4) | LY10: =MID(LH10,1,1) | LZ10: =MID(LH10,2,1) | MA10: =MID(LH10,3,1) | MB10: =MID(LH10,4,1) | MC10: =MID(LI10,1,1) | MD10: =MID(LI10,2,1) | ME10: =MID(LI10,3,1) | MF10: =MID(LI10,4,1) | MG10: =MID(LJ10,1,1) | MH10: =MID(LJ10,2,1) | MI10: =MID(LJ10,3,1) | MJ10: =MID(LJ10,4,1) | MK10: =MID(LK10,1,1) | ML10: =MID(LK10,2,1) | MM10: =MID(LK10,3,1) | MN10: =MID(LK10,4,1) | MO10: =MID(LL10,1,1) | MP10: =MID(LL10,2,1) | MQ10: =MID(LL10,3,1) | MR10: =MID(LL10,4,1) | MS10: =MID(LM10,1,1) | MT10: =MID(LM10,2,1) | MU10: =MID(LM10,3,1) | MV10: =MID(LM10,4,1) | MW10: =MID(LN10,1,1) | MX10: =MID(LN10,2,1) | MY10: =MID(LN10,3,1) | MZ10: =MID(LN10,4,1) | NA10: =MID(LO10,1,1) | NB10: =MID(LO10,2,1) | NC10: =MID(LO10,3,1) | ND10: =MID(LO10,4,1) | NE10: =MID(LP10,1,1) | NF10: =MID(LP10,2,1) | NG10: =MID(LP10,3,1) | NH10: =MID(LP10,4,1) | NI10: =MID(LQ10,1,1) | NJ10: =MID(LQ10,2,1) | NK10: =MID(LQ10,3,1) | NL10: =MID(LQ10,4,1) | NM10: =MID(LR10,1,1) | NN10: =MID(LR10,2,1) | NO10: =MID(LR10,3,1) | NP10: =MID(LR10,4,1) | NQ10: =MID(LS10,1,1) | NR10: =MID(LS10,2,1) | NS10: =MID(LS10,3,1) | NT10: =MID(LS10,4,1) | NU10: =MID(LT10,1,1) | NV10: =MID(LT10,2,1) | NW10: =MID(LT10,3,1) | NX10: =MID(LT10,4,1) | NY10: =MID(LU10,1,1) | NZ10: =MID(LU10,2,1) | OA10: =MID(LU10,3,1) | OB10: =MID(LU10,4,1) | OC10: =MID(LV10,1,1) | OD10: =MID(LV10,2,1) | OE10: =MID(LV10,3,1) | OF10: =MID(LV10,4,1) | OG10: =MID(LW10,1,1) | OH10: =MID(LW10,2,1) | OI10: =MID(LW10,3,1) | OJ10: =MID(LW10,4,1) | OL10: =MOD(IC10+LY10,2) | OM10: =MOD(ID10+LZ10,2) | ON10: =MOD(IE10+MA10,2) | OO10: =MOD(IF10+MB10,2) | OP10: =MOD(IG10+MC10,2) | OQ10: =MOD(IH10+MD10,2) | OR10: =MOD(II10+ME10,2) | OS10: =MOD(IJ10+MF10,2) | ... QW10: =MOD(KN10+OJ10,2) | QY10: =SUM(OL10:QW10)
A11: AABB09182736CCDD | B11: 9 | C11: =MID($A11,1,1) | D11: =MID($A11,2,1) | E11: =MID($A11,3,1) | F11: =MID($A11,4,1) | G11: =MID($A11,5,1) | H11: =MID($A11,6,1) | I11: =MID($A11,7,1) | J11: =MID($A11,8,1) | K11: =MID($A11,9,1) | L11: =MID($A11,10,1) | M11: =MID($A11,11,1) | N11: =MID($A11,12,1) | O11: =MID($A11,13,1) | P11: =MID($A11,14,1) | Q11: =MID($A11,15,1) | R11: =MID($A11,16,1) | T11: =DEC2BIN(HEX2DEC(C11),4) | U11: =DEC2BIN(HEX2DEC(D11),4) | V11: =DEC2BIN(HEX2DEC(E11),4) | W11: =DEC2BIN(HEX2DEC(F11),4) | X11: =DEC2BIN(HEX2DEC(G11),4) | Y11: =DEC2BIN(HEX2DEC(H11),4) | Z11: =DEC2BIN(HEX2DEC(I11),4) | AA11: =DEC2BIN(HEX2DEC(J11),4) | ... AI11: =DEC2BIN(HEX2DEC(R11),4) | AK11: =MID(T11,1,1) | AL11: =MID(T11,2,1) | AM11: =MID(T11,3,1) | AN11: =MID(T11,4,1) | AO11: =MID(U11,1,1) | AP11: =MID(U11,2,1) | AQ11: =MID(U11,3,1) | AR11: =MID(U11,4,1) | AS11: =MID(V11,1,1) | AT11: =MID(V11,2,1) | AU11: =MID(V11,3,1) | AV11: =MID(V11,4,1) | AW11: =MID(W11,1,1) | AX11: =MID(W11,2,1) | AY11: =MID(W11,3,1) | AZ11: =MID(W11,4,1) | BA11: =MID(X11,1,1) | BB11: =MID(X11,2,1) | BC11: =MID(X11,3,1) | BD11: =MID(X11,4,1) | BE11: =MID(Y11,1,1) | BF11: =MID(Y11,2,1) | BG11: =MID(Y11,3,1) | BH11: =MID(Y11,4,1) | BI11: =MID(Z11,1,1) | BJ11: =MID(Z11,2,1) | BK11: =MID(Z11,3,1) | BL11: =MID(Z11,4,1) | BM11: =MID(AA11,1,1) | BN11: =MID(AA11,2,1) | BO11: =MID(AA11,3,1) | BP11: =MID(AA11,4,1) | BQ11: =MID(AB11,1,1) | BR11: =MID(AB11,2,1) | BS11: =MID(AB11,3,1) | BT11: =MID(AB11,4,1) | BU11: =MID(AC11,1,1) | BV11: =MID(AC11,2,1) | BW11: =MID(AC11,3,1) | BX11: =MID(AC11,4,1) | BY11: =MID(AD11,1,1) | BZ11: =MID(AD11,2,1) | CA11: =MID(AD11,3,1) | CB11: =MID(AD11,4,1) | CC11: =MID(AE11,1,1) | CD11: =MID(AE11,2,1) | CE11: =MID(AE11,3,1) | CF11: =MID(AE11,4,1) | CG11: =MID(AF11,1,1) | CH11: =MID(AF11,2,1) | CI11: =MID(AF11,3,1) | CJ11: =MID(AF11,4,1) | CK11: =MID(AG11,1,1) | CL11: =MID(AG11,2,1) | CM11: =MID(AG11,3,1) | CN11: =MID(AG11,4,1) | CO11: =MID(AH11,1,1) | CP11: =MID(AH11,2,1) | CQ11: =MID(AH11,3,1) | CR11: =MID(AH11,4,1) | CS11: =MID(AI11,1,1) | CT11: =MID(AI11,2,1) | CU11: =MID(AI11,3,1) | CV11: =MID(AI11,4,1) | CX11: AA3B09182736CCDD | CY11: =MID($CX11,1,1) | CZ11: =MID($CX11,2,1) | DA11: =MID($CX11,3,1) | DB11: =MID($CX11,4,1) | DC11: =MID($CX11,5,1) | DD11: =MID($CX11,6,1) | DE11: =MID($CX11,7,1) | DF11: =MID($CX11,8,1) | DG11: =MID($CX11,9,1) | DH11: =MID($CX11,10,1) | DI11: =MID($CX11,11,1) | DJ11: =MID($CX11,12,1) | DK11: =MID($CX11,13,1) | DL11: =MID($CX11,14,1) | DM11: =MID($CX11,15,1) | DN11: =MID($CX11,16,1) | DP11: =DEC2BIN(HEX2DEC(CY11),4) | DQ11: =DEC2BIN(HEX2DEC(CZ11),4) | DR11: =DEC2BIN(HEX2DEC(DA11),4) | DS11: =DEC2BIN(HEX2DEC(DB11),4) | DT11: =DEC2BIN(HEX2DEC(DC11),4) | DU11: =DEC2BIN(HEX2DEC(DD11),4) | DV11: =DEC2BIN(HEX2DEC(DE11),4) | DW11: =DEC2BIN(HEX2DEC(DF11),4) | ... EE11: =DEC2BIN(HEX2DEC(DN11),4) | EG11: =MID(DP11,1,1) | EH11: =MID(DP11,2,1) | EI11: =MID(DP11,3,1) | EJ11: =MID(DP11,4,1) | EK11: =MID(DQ11,1,1) | EL11: =MID(DQ11,2,1) | EM11: =MID(DQ11,3,1) | EN11: =MID(DQ11,4,1) | EO11: =MID(DR11,1,1) | EP11: =MID(DR11,2,1) | EQ11: =MID(DR11,3,1) | ER11: =MID(DR11,4,1) | ES11: =MID(DS11,1,1) | ET11: =MID(DS11,2,1) | EU11: =MID(DS11,3,1) | EV11: =MID(DS11,4,1) | EW11: =MID(DT11,1,1) | EX11: =MID(DT11,2,1) | EY11: =MID(DT11,3,1) | EZ11: =MID(DT11,4,1) | FA11: =MID(DU11,1,1) | FB11: =MID(DU11,2,1) | FC11: =MID(DU11,3,1) | FD11: =MID(DU11,4,1) | FE11: =MID(DV11,1,1) | FF11: =MID(DV11,2,1) | FG11: =MID(DV11,3,1) | FH11: =MID(DV11,4,1) | FI11: =MID(DW11,1,1) | FJ11: =MID(DW11,2,1) | FK11: =MID(DW11,3,1) | FL11: =MID(DW11,4,1) | FM11: =MID(DX11,1,1) | FN11: =MID(DX11,2,1) | FO11: =MID(DX11,3,1) | FP11: =MID(DX11,4,1) | FQ11: =MID(DY11,1,1) | FR11: =MID(DY11,2,1) | FS11: =MID(DY11,3,1) | FT11: =MID(DY11,4,1) | FU11: =MID(DZ11,1,1) | FV11: =MID(DZ11,2,1) | FW11: =MID(DZ11,3,1) | FX11: =MID(DZ11,4,1) | FY11: =MID(EA11,1,1) | FZ11: =MID(EA11,2,1) | GA11: =MID(EA11,3,1) | GB11: =MID(EA11,4,1) | GC11: =MID(EB11,1,1) | GD11: =MID(EB11,2,1) | GE11: =MID(EB11,3,1) | GF11: =MID(EB11,4,1) | GG11: =MID(EC11,1,1) | GH11: =MID(EC11,2,1) | GI11: =MID(EC11,3,1) | GJ11: =MID(EC11,4,1) | GK11: =MID(ED11,1,1) | GL11: =MID(ED11,2,1) | GM11: =MID(ED11,3,1) | GN11: =MID(ED11,4,1) | GO11: =MID(EE11,1,1) | GP11: =MID(EE11,2,1) | GQ11: =MID(EE11,3,1) | GR11: =MID(EE11,4,1) | GT11: C0B7A8D05F3A829C | GU11: =MID($GT11,1,1) | GV11: =MID($GT11,2,1) | GW11: =MID($GT11,3,1) | GX11: =MID($GT11,4,1) | GY11: =MID($GT11,5,1) | GZ11: =MID($GT11,6,1) | HA11: =MID($GT11,7,1) | HB11: =MID($GT11,8,1) | HC11: =MID($GT11,9,1) | HD11: =MID($GT11,10,1) | HE11: =MID($GT11,11,1) | HF11: =MID($GT11,12,1) | HG11: =MID($GT11,13,1) | HH11: =MID($GT11,14,1) | HI11: =MID($GT11,15,1) | HJ11: =MID($GT11,16,1) | HL11: =DEC2BIN(HEX2DEC(GU11),4) | HM11: =DEC2BIN(HEX2DEC(GV11),4) | HN11: =DEC2BIN(HEX2DEC(GW11),4) | HO11: =DEC2BIN(HEX2DEC(GX11),4) | HP11: =DEC2BIN(HEX2DEC(GY11),4) | HQ11: =DEC2BIN(HEX2DEC(GZ11),4) | HR11: =DEC2BIN(HEX2DEC(HA11),4) | HS11: =DEC2BIN(HEX2DEC(HB11),4) | ... IA11: =DEC2BIN(HEX2DEC(HJ11),4) | IC11: =MID(HL11,1,1) | ID11: =MID(HL11,2,1) | IE11: =MID(HL11,3,1) | IF11: =MID(HL11,4,1) | IG11: =MID(HM11,1,1) | IH11: =MID(HM11,2,1) | II11: =MID(HM11,3,1) | IJ11: =MID(HM11,4,1) | IK11: =MID(HN11,1,1) | IL11: =MID(HN11,2,1) | IM11: =MID(HN11,3,1) | IN11: =MID(HN11,4,1) | IO11: =MID(HO11,1,1) | IP11: =MID(HO11,2,1) | IQ11: =MID(HO11,3,1) | IR11: =MID(HO11,4,1) | IS11: =MID(HP11,1,1) | IT11: =MID(HP11,2,1) | IU11: =MID(HP11,3,1) | IV11: =MID(HP11,4,1) | IW11: =MID(HQ11,1,1) | IX11: =MID(HQ11,2,1) | IY11: =MID(HQ11,3,1) | IZ11: =MID(HQ11,4,1) | JA11: =MID(HR11,1,1) | JB11: =MID(HR11,2,1) | JC11: =MID(HR11,3,1) | JD11: =MID(HR11,4,1) | JE11: =MID(HS11,1,1) | JF11: =MID(HS11,2,1) | JG11: =MID(HS11,3,1) | JH11: =MID(HS11,4,1) | JI11: =MID(HT11,1,1) | JJ11: =MID(HT11,2,1) | JK11: =MID(HT11,3,1) | JL11: =MID(HT11,4,1) | JM11: =MID(HU11,1,1) | JN11: =MID(HU11,2,1) | JO11: =MID(HU11,3,1) | JP11: =MID(HU11,4,1) | JQ11: =MID(HV11,1,1) | JR11: =MID(HV11,2,1) | JS11: =MID(HV11,3,1) | JT11: =MID(HV11,4,1) | JU11: =MID(HW11,1,1) | JV11: =MID(HW11,2,1) | JW11: =MID(HW11,3,1) | JX11: =MID(HW11,4,1) | JY11: =MID(HX11,1,1) | JZ11: =MID(HX11,2,1) | KA11: =MID(HX11,3,1) | KB11: =MID(HX11,4,1) | KC11: =MID(HY11,1,1) | KD11: =MID(HY11,2,1) | KE11: =MID(HY11,3,1) | KF11: =MID(HY11,4,1) | KG11: =MID(HZ11,1,1) | KH11: =MID(HZ11,2,1) | KI11: =MID(HZ11,3,1) | KJ11: =MID(HZ11,4,1) | KK11: =MID(IA11,1,1) | KL11: =MID(IA11,2,1) | KM11: =MID(IA11,3,1) | KN11: =MID(IA11,4,1) | KP11: F0128574571D13C3 | KQ11: =MID($KP11,1,1) | KR11: =MID($KP11,2,1) | KS11: =MID($KP11,3,1) | KT11: =MID($KP11,4,1) | KU11: =MID($KP11,5,1) | KV11: =MID($KP11,6,1) | KW11: =MID($KP11,7,1) | KX11: =MID($KP11,8,1) | KY11: =MID($KP11,9,1) | KZ11: =MID($KP11,10,1) | LA11: =MID($KP11,11,1) | LB11: =MID($KP11,12,1) | LC11: =MID($KP11,13,1) | LD11: =MID($KP11,14,1) | LE11: =MID($KP11,15,1) | LF11: =MID($KP11,16,1) | LH11: =DEC2BIN(HEX2DEC(KQ11),4) | LI11: =DEC2BIN(HEX2DEC(KR11),4) | LJ11: =DEC2BIN(HEX2DEC(KS11),4) | LK11: =DEC2BIN(HEX2DEC(KT11),4) | LL11: =DEC2BIN(HEX2DEC(KU11),4) | LM11: =DEC2BIN(HEX2DEC(KV11),4) | LN11: =DEC2BIN(HEX2DEC(KW11),4) | LO11: =DEC2BIN(HEX2DEC(KX11),4) | ... LW11: =DEC2BIN(HEX2DEC(LF11),4) | LY11: =MID(LH11,1,1) | LZ11: =MID(LH11,2,1) | MA11: =MID(LH11,3,1) | MB11: =MID(LH11,4,1) | MC11: =MID(LI11,1,1) | MD11: =MID(LI11,2,1) | ME11: =MID(LI11,3,1) | MF11: =MID(LI11,4,1) | MG11: =MID(LJ11,1,1) | MH11: =MID(LJ11,2,1) | MI11: =MID(LJ11,3,1) | MJ11: =MID(LJ11,4,1) | MK11: =MID(LK11,1,1) | ML11: =MID(LK11,2,1) | MM11: =MID(LK11,3,1) | MN11: =MID(LK11,4,1) | MO11: =MID(LL11,1,1) | MP11: =MID(LL11,2,1) | MQ11: =MID(LL11,3,1) | MR11: =MID(LL11,4,1) | MS11: =MID(LM11,1,1) | MT11: =MID(LM11,2,1) | MU11: =MID(LM11,3,1) | MV11: =MID(LM11,4,1) | MW11: =MID(LN11,1,1) | MX11: =MID(LN11,2,1) | MY11: =MID(LN11,3,1) | MZ11: =MID(LN11,4,1) | NA11: =MID(LO11,1,1) | NB11: =MID(LO11,2,1) | NC11: =MID(LO11,3,1) | ND11: =MID(LO11,4,1) | NE11: =MID(LP11,1,1) | NF11: =MID(LP11,2,1) | NG11: =MID(LP11,3,1) | NH11: =MID(LP11,4,1) | NI11: =MID(LQ11,1,1) | NJ11: =MID(LQ11,2,1) | NK11: =MID(LQ11,3,1) | NL11: =MID(LQ11,4,1) | NM11: =MID(LR11,1,1) | NN11: =MID(LR11,2,1) | NO11: =MID(LR11,3,1) | NP11: =MID(LR11,4,1) | NQ11: =MID(LS11,1,1) | NR11: =MID(LS11,2,1) | NS11: =MID(LS11,3,1) | NT11: =MID(LS11,4,1) | NU11: =MID(LT11,1,1) | NV11: =MID(LT11,2,1) | NW11: =MID(LT11,3,1) | NX11: =MID(LT11,4,1) | NY11: =MID(LU11,1,1) | NZ11: =MID(LU11,2,1) | OA11: =MID(LU11,3,1) | OB11: =MID(LU11,4,1) | OC11: =MID(LV11,1,1) | OD11: =MID(LV11,2,1) | OE11: =MID(LV11,3,1) | OF11: =MID(LV11,4,1) | OG11: =MID(LW11,1,1) | OH11: =MID(LW11,2,1) | OI11: =MID(LW11,3,1) | OJ11: =MID(LW11,4,1) | OL11: =MOD(IC11+LY11,2) | OM11: =MOD(ID11+LZ11,2) | ON11: =MOD(IE11+MA11,2) | OO11: =MOD(IF11+MB11,2) | OP11: =MOD(IG11+MC11,2) | OQ11: =MOD(IH11+MD11,2) | OR11: =MOD(II11+ME11,2) | OS11: =MOD(IJ11+MF11,2) | ... QW11: =MOD(KN11+OJ11,2) | QY11: =SUM(OL11:QW11)
